Code,lon,lat
FEUH,120.986459,14.603358
MBY,110.3743742,-7.801792
DISKO,-53.433176,69.826444
KEVO,27.01,69.75
TROM,18.9046915,69.6342445
LAPL,33.058907,67.912056
INEP,33.410422,67.567897
KPABG,34.269398,67.480507
KAND,32.41755,67.133053
AMNH,-18.119229,65.685015
OULU,25.469776,65.012505
ALA,-147.838211,64.858009
AR,40.548128,64.529224
ICEL,-21.906085,64.074234
UME,20.309509,63.818747
TRH,10.33444,63.359322
VOA,21.60273,63.099239
KUO,27.67585,62.883499
JYV,25.74264,62.240391
KVCH,34.26347,62.211479
SASY,129.730423,62.02
PZV,34.3517,61.78653
PTZ,34.309162,61.786034
SYKO,50.84338,61.667297
SYKT,50.84338,61.667297
TMP,23.760851,61.502602
UAAH,-149.823898,61.189232
YSU,69.028474,61.001329
FOR,23.62513,60.815018
JOE,26.560095,60.620209
BABY,-134.895306,60.590764
TUR,22.283367,60.454651
PRV,25.66424,60.396412
BG,5.32611,60.38356
H,24.946493,60.174154
ZCM,-1.150375,60.157804
LE,30.323166,59.971099
SPSU,30.298742,59.941923
LECB,30.299938,59.939632
KFTA,30.314781,59.938156
WIR,30.307882,59.93235
HERZ,30.28998,59.91674
O,10.76813,59.882641
UPS,17.620779,59.849838
MAG,150.785551,59.565073
TALL,24.878889,59.471519
TAM,24.732742,59.43631
ICEB,24.70277,59.427422
S,18.053325,59.368819
SBT,18.053463,59.366982
NLH,6.265147,59.328395
OREB,15.217872,59.274714
SVG,5.725966,58.961296
STS,-3.301142,58.958535
THO,-3.518283,58.595624
TAAM,26.693691,58.392519
TU,26.722181,58.384167
ALAJ,-134.638953,58.38328
EAA,26.672228,58.366361
TAA,26.679469,58.355649
JBCC,-134.413834,58.299358
KMN,7.9755,58.152569
IBIW,38.2491,58.05695
POKM,56.119881,58.021927
PPU,56.25103,58.008591
PERM,56.18618,57.997799
PSK,28.37299,57.831192
GARIN,38.413498,57.781807
GB,11.950286,57.681975
ELN,-3.310541,57.649118
VI,18.293907,57.639568
GU,18.289379,57.639351
USPIY,39.879105,57.630592
FRS,-3.612002,57.609301
NRN,-3.86667,57.583328
YAR,39.854523,57.573414
INV,-4.227836,57.476536
PLES,41.516022,57.456532
UKC,1.067,57.297081
OHN,16.43782,57.25244
AYR,-2.103863,57.167963
ABD,-2.109355,57.166435
TMN,65.554775,57.140487
TNFS,-135.349055,57.057481
RIGB,24.190861,56.973492
IVGU,40.989746,56.970581
RIG,24.096719,56.937404
TVBG,35.870651,56.8941
HBA,24.36874,56.864288
LATV,24.356428,56.863342
UDU,53.218903,56.849876
UFU,60.6167221,56.840992
SVER,60.60701,56.808571
MSE,-2.4656,56.710187
JEL,23.71278,56.650002
SKR,25.122545,56.64571
MARI,47.9000473,56.6354625
YOLA,47.89756,56.620678
EBA,-4.875,56.566666
DUE,-2.96667,56.5
TK,84.880714,56.489868
DEE,-2.971359,56.462513
PTH,-3.426838,56.396851
SLSK,-2.79902,56.338711
STA,-2.816424,56.336795
NNSU,43.805244,56.260429
AAU,10.20032,56.165611
STI,-3.944055,56.11829
KRDY,-3.16667,56.116669
KNL,-3.61667,56.01667
KRAS,92.855736,56.015141
KRSU,92.838631,56.005486
KRF,92.88559,56.001251
FLK,-3.76667,56
NCCBH,-4.58333,56
E,-3.212675,55.964418
GRK,-4.7677,55.950676
EGHF,-3.2,55.950001
EOSTS,-3.31223,55.945541
HUS,23.37583,55.89838
GLLB,-4.29055,55.87447
DAU,26.512421,55.872528
GLAM,-4.291422,55.868444
PSY,-4.4299,55.84499
MOSP,37.648933,55.815189
KAZ,49.126637,55.789131
BRWK,-2,55.783329
HMLN,-4.038612,55.778732
MHA,37.616592,55.754005
MOSM,37.615559,55.75222
MWG,37.615559,55.75222
MW,37.523141,55.70451
MYX,37.522753,55.704261
LD,13.2178,55.6909
C,12.57186,55.68504
KEM,86.084976,55.344479
GPA,-118.769817,55.283333
CSUH,61.31538,55.178673
CHPU,61.403049,55.071301
DFSM,-3.615156,55.064931
OMSKM,73.311623,55.02206
OMSK,73.396881,54.985451
HAMU,-1.59132,54.971931
ALBORZ,51.214,54.961
NCE,-1.81318,54.920071
SUN,-1.380005,54.903935
CLE,-2.936482,54.894723
LAUS,-1.56667,54.849998
NS,83.102982,54.827721
NSK,83.102982,54.827721
HMNR,43.266735,54.779306
SMI,-127.15799,54.773071
UFA,55.965527,54.751984
BILAS,25.292534,54.747528
AUBH,-113.309441,54.715091
KLGU,20.509844,54.713844
OKA,40.88332,54.673069
PEN,-2.753942,54.665551
RSU,39.672186,54.639679
KSK,-3.13297,54.603269
KKM,-1.08181,54.588482
BEL,-5.952744,54.581738
MDH,-1.241713,54.564453
HSUD,23.34981,54.557812
WHY,-0.617959,54.485204
SLTC,17.042019,54.454212
UGDA,18.576954,54.395224
GDMA,18.62204,54.391342
FBA,-2.939468,54.352844
KIEL,10.11471,54.347092
KDL,-2.742122,54.331446
UPSU,48.40448,54.317692
KEND,-2.75,54.316669
SCAR,-0.402841,54.27933
GMU,45.179512,54.182358
TUL,37.587314,54.157208
DGS,-4.481773,54.154446
GFW,13.36294,54.09417
ROST,12.177102,54.082298
BLY,-0.95032,54.073689
DCR,-0.95032,54.073689
HTE,-0.95032,54.073689
RTHM,-0.95032,54.073689
SFD,-0.95032,54.073689
SHD,-0.95032,54.073689
SJCRY,-0.95032,54.073689
YK,-0.95032,54.073689
YRK,-0.95032,54.073689
OHHI,58.243576,54.056099
KLH,52.87767,53.986633
KURS,54.409382,53.964081
SKN,-2.015358,53.962512
MSK,27.551128,53.895077
MSKH,27.551128,53.895077
MSKU,27.551128,53.895077
CLOE,-2.4,53.866669
LUB,10.6851,53.860119
SYT,-2.472546,53.846367
SPRY,-0.196681,53.812714
LDS,-1.556899,53.807389
LES,-1.546851,53.801543
BRAD,-1.767361,53.789935
CMM,-1.767361,53.789935
OLTC,20.4605,53.78
OLS,20.4582703,53.759298
HLL,-0.337202,53.746661
HLU,-0.337202,53.746661
GRSU,23.826433,53.695323
DSY,-1.62907,53.690762
MIM,91.664253,53.687859
HDD,-1.756356,53.645463
RCHM,-2.071089,53.610143
BON,-2.431299,53.577493
ALTA,-113.437187,53.570087
RFE,-2.339723,53.561998
HBG,9.859713,53.559825
PMAE,-113.489,53.547295
OLDM,-2.109764,53.540046
BRM,8.544846,53.531891
NHMV,12.683343,53.514879
HGU,87.268998,53.510583
TMAL,-2.0989,53.488762
CAFB,-113.541253,53.4884
CFB,-113.541253,53.4884
GSU,28.78,53.48
PVB,49.357971,53.477829
MANCH,-2.22846,53.46096
SZUB,14.544503,53.436522
SZCZ,14.5352,53.43475
SKT,-2.143112,53.41035
LIV,-2.97855,53.409359
UADBG,-113.757655,53.407559
TCDL,-6.12893,53.39904
BHDL,-3.032125,53.385933
BHDS,-3.053851,53.385335
ZHR,50.163624,53.384593
HUUD,-6.257572222,53.37171667
DBN,-6.271538,53.371375
LTH,-0.00438,53.366638
LCVA,-110.859764,53.358498
TCD,-6.251861,53.343994
BAT,-1.25,53.333328
ALTB,83.769638,53.33017
SSHZ,91.949743,53.317114
BRSU,34.3048096,53.3079034
GALW,-9.060169,53.27788
LCN,-0.53333,53.23333
UCNW,-4.140306,53.225388
VU,36.768856,53.22345
SMR,50.1728,53.2221
KSPI,63.632128,53.216731
FNM,5.762931,53.203261
PKM,44.994553,53.18367
NABG,31.466669,53.166672
OLD,8.16807,53.151299
BYDG,18.13225,53.139111
LMO,8.218975,53.134369
BREM,8.81048,53.082333
NWK,-0.803206,53.078947
STO,-2.17768,53.023285
TRN,18.568551,53.022155
KAM,158.651574,53.015439
NGM,-1.152197,52.953547
NOT,-1.209526,52.947707
DBY,-1.480181,52.92332
DOR,-1.480317,52.923005
HFN,5.968724,52.902994
TDH,5.98981,52.896765
VORG,50.449348,52.839798
RPTN,-1.55,52.833328
WRN,-1.631785,52.779606
UTLH,-1.2,52.76667
CSVFC,-2.75208,52.710091
SHYL,-2.75208,52.710091
SHYB,-2.763837,52.703274
BIL,23.87434,52.700119
LIMK,-8.62251,52.667992
WBCH,0.16667,52.666672
LSR,-1.125396,52.659378
NWH,1.297261,52.628873
NCCN,1.29834,52.627831
LTR,-1.124543,52.622497
JII,1.221292,52.622301
CDN,-2.11667,52.599998
MHWK,-2.55,52.599998
PBH,-0.25,52.583328
STG,-1.4,52.566669
BHUPM,13.378702,52.529828
OLE,-0.46667,52.48333
BRFL,-1.904352,52.48008
BIRA,-1.90361,52.479622
POZA,16.925278,52.467025
B,13.30486,52.458278
BSB,13.302627,52.457052
BHU,13.473164,52.454254
BIRM,-1.91876,52.449638
POZG,16.92733,52.443249
POZW,16.92733,52.443249
WPBS,-4.017265,52.433464
POZNB,16.886629,52.427689
ABS,-4.066709,52.415736
POZ,16.91811,52.4095
POZM,16.91811,52.4095
COV,-1.504553,52.4065
KTG,-0.727512,52.395856
KDR,-2.314695,52.375668
LDL,-2.716884,52.36927
DZS,-0.37495,52.325661
TSTN,0.78154,52.31422
IRK,104.237823,52.308102
NWT,-1.04022,52.308094
WARMS,-1.59063,52.281681
IRKU,104.388893,52.268059
OSBU,8.049636,52.260578
KOR,17.087639,52.254017
BSE,0.71111,52.2463
OSN,8.06835,52.24617
NMN,-0.891612,52.237037
NTN,-0.894152,52.236219
WA,21.023748,52.225288
WABG,21.0284328,52.2170732
CIECRO,0.11224,52.212846
AAS,0.08011,52.212708
CAM,0.117797,52.208524
WOS,-2.222334,52.196379
CGE,0.127773,52.194743
CGG,0.126386,52.193219
ABL,5.284966,52.173889
WSRP,22.28826,52.17234
WAUF,21.048512,52.161896
AMD,4.48336,52.156624
L,4.48336,52.156624
U,4.48336,52.156624
LEUN,9.946604,52.148937
SASK,-106.629623,52.132931
DAS,-106.634178,52.132862
WLK,-122.1371,52.129936
CBS,5.114938,52.093979
IPS,1.150394,52.059863
HFD,-2.717679,52.05473
SWN,0.240302,52.024967
RIN,5.43058,52.013176
BDK,-0.18876,51.989441
WAG,5.675883,51.967367
BIEL,8.579744,51.9645
MSUN,7.612071,51.962399
HIN,-0.26667,51.950001
MSTR,7.58802,51.945942
IPO,5.61502,51.941681
SIMS,-8.3482,51.90218
CHM,-2.077848,51.901333
VGZ,39.65224,51.87577
GLR,-2.24417,51.859791
CARM,-4.31167,51.859169
NMNL,5.870086,51.844742
NBGW,-4.15079,51.84341
MNVD,12.242841,51.831238
UUDE,107.628693,51.819
UUH,107.628693,51.819
GAT,11.284434,51.818924
NPT,-3.91584,51.802204
OLDS,-114.11554,51.785641
AYBY,-0.734963,51.782683
LOD,19.48321,51.776421
ORIS,55.101257,51.77047
FHO,-1.25188,51.75761
OXF,-1.25188,51.75761
BOD,-1.25811,51.754028
SUD,-2.2,51.75
CIR,-1.98333,51.73333
TUVA,94.44926,51.72179
FPRL,-0.372661,51.700036
LSN,-1.1909,51.675858
VORB,39.1992188,51.6725551
TBY,-4.695057,51.672339
TTN,-1.78333,51.650002
VOR,39.995159,51.646698
TTY,-2.16222,51.639439
SWA,-3.938341,51.61759
UCSA,-3.979543,51.609744
CHRG,-0.184187,51.60614
EXN,-1.76136,51.588871
WMW,-0.012875,51.583915
NMBT,5.024635,51.574303
NCLN,-0.19663,51.570595
ESS,7.1373,51.567417
SDN,-1.494722,51.555523
PNL,-0.110877,51.551757
BED,-0.049433,51.547478
SARAT,45.998741,51.543079
SARBG,46.008945,51.537911
GOET,9.93458,51.536678
NCCH,-0.5579,51.521992
SSPW,-0.089623,51.515152
LINN,-0.139327,51.508485
EFM,-0.12883,51.500511
BM,-0.176441,51.495634
OB,6.90265,51.493367
ETON,-0.607661,51.491721
HAL,11.959793,51.488132
WCH,0.096572,51.486526
BBSUK,-3.177393,51.485607
NMW,-3.177393,51.485607
HALN,12.00462,51.48395
BOCH,7.242983,51.483219
K,-0.295703,51.483055
DORT,7.46,51.47995
NCPF,-2.60121,51.460041
BRISTM,-2.605262,51.456139
BRL,-2.600879,51.451547
CON,-2.58333,51.450001
DFD,0.218882,51.443233
SLBI,-0.10551,51.44236
CMBY,-0.461365,51.44194
RDG,-0.950103,51.441102
HNN,-0.061551,51.440784
RNG,-0.942091,51.437623
ENG,-0.58333,51.433331
JESW,-0.21583,51.423882
PG,-0.302436,51.420983
IMI,-0.567405,51.419229
MACO,-1.735762,51.416178
TELY,-0.12435,51.413513
HLMA,-0.2974,51.41259
WLH,-0.2974,51.41259
BEX,-0.20033,51.407669
NCP,-2.859719,51.39815
BATHG,-2.36556,51.37944
BTH,-2.36556,51.37944
CHFD,-0.45,51.366669
WGMM,-2.96778,51.345829
LZ,12.394093,51.33096
WSY,-0.464177,51.317303
KAS,9.449335,51.280769
CBY,1.07648,51.278058
MNE,0.5203,51.276018
LBL,22.54085,51.243431
RTE,-0.203958,51.235027
LTN,-1.983335,51.23333
PPIU,51.354046,51.228173
ILF,-4.125216,51.209258
CMA,-2.45611,51.193062
GLM,14.986657,51.153475
TLS,0.263468,51.133969
WRSL,17.046,51.117058
FKE,1.180999,51.081814
BPL,-4.058343,51.078365
SBY,-1.799856,51.064071
HCMS,-1.319269,51.064024
WTR,-1.314443,51.0584
HSM,-0.33333,51.049999
GENT,3.72207,51.036461
DR,13.723875,51.02873
HILL,-1.455967,51.010113
BMH,-1.279707,50.998856
NKME,11.022542,50.988827
IQW,11.32692,50.983036
ARWESP,4.634028,50.958719
BR,4.319976,50.931194
JE,11.5902,50.92966
STMU,-114.067935,50.922151
UAC,-113.987846,50.916889
KTC,20.65255,50.8829
SLFC,-2.780632,50.854828
MAAS,5.68784,50.844959
BTN,-0.152915,50.837108
LAN,-0.32247,50.828819
BNPL,-0.13947,50.828381
MB,8.769537,50.81588
BRLU,4.381855,50.810081
PMH,-1.097058,50.791455
LIM,15.06611,50.77346
BAIL,2.76133,50.748032
BONN,7.09139,50.725479
NHV,7.08822,50.725151
RAMM,-3.531962,50.725128
BNL,7.17663,50.67524
MUCL,4.62016,50.66647
LAUN,-4.36006,50.63699
KM,15.6053,50.622791
LILLE,3.067911,50.613535
LIP,3.067911,50.613535
BSU,36.580502,50.59095
GI,8.679664,50.586578
LG,5.568112,50.584209
BELZ,35.975361,50.581638
FULD,9.676594,50.563023
LFG,4.696808,50.561378
LIT,14.13285,50.533669
TOR,-3.532013,50.469743
NAM,4.86108,50.465961
CHOM,13.42211,50.458496
USAS,-104.622429,50.449165
KWHU,30.526693,50.442905
KW,30.527124,50.441196
KWHA,30.527124,50.441196
OMJ,15.35062,50.436489
PLYP,-4.138783,50.375044
PLH,-4.14305,50.371529
KOBL,7.559541667,50.3636417
DMTH,-3.5794,50.3522
PUS,-3.98333,50.349998
MGS,18.925381,50.348782
STDCM,-3.652884,50.292638
SCS,-107.785957,50.28418
ABGI,127.5402778,50.2794444
SOSN,19.13656,50.266159
TRU,-5.0541,50.263634
KTU,19.024385,50.254028
CCFHE,-5.22434,50.23315
KMKV,12.882006,50.223953
HR,15.829887,50.21439
SOKO,12.64005,50.17934
ROZ,14.383519,50.161568
FRP,8.658621,50.122482
PR,14.629279,50.122294
PRB,14.412846,50.118141
FR,8.640538,50.116758
OMP,15.12303,50.115608
CNCTC,14.32642,50.092659
KRFB,19.951115,50.082827
PRM,14.426747,50.081062
CHEB,12.370171,50.0797
CMV,4.637896,50.079304
WIES,8.24549,50.075855
PRC,14.41974,50.071247
LBE,33.132768,50.066987
KRAM,19.955,50.065483
KRA,19.957842,50.064141
MP,15.777161,50.041295
SUM,16.953005,50.016567
PRA,14.544417,50.000011
MNHM,8.271309,49.99897
CWU,36.257259,49.996639
MJG,8.232466,49.983082
OVMB,17.461554,49.978851
AND,17.862255,49.945919
OP,17.903641,49.934582
UBT,11.556322,49.923599
MMMN,-97.135536,49.9002
MDNR,-97.257729,49.897968
UWPG,-97.153397,49.890087
LPM,-97.271763,49.887763
DANV,8.64281,49.858459
LWS,24.01748,49.84162
OSM,18.29281,49.835178
LW,24.032056,49.834417
KG,73.166667,49.833333
OSTR,18.262445,49.827088
LWKS,24.02375,49.816392
WIN,-97.133112,49.81061
BCK,30.062843,49.809976
BDPA,22.76088,49.784653
WB,9.93264,49.76474
PL,13.38026,49.744469
CESK,18.590136,49.724258
LEA,-112.848915,49.69746
LRS,-112.845581,49.688061
FMM,18.3468578,49.6870089
HOMP,13.98757,49.68248
CHE,-1.630843,49.642868
LUX,6.13573,49.6099
OLM,17.25703,49.5964408
NJM,18.010944,49.593418
GMNP,-57.923462,49.589508
PWU,34.513721,49.589378
PW,34.561444,49.5835
ER,11.03168,49.581589
OL,17.278959,49.576191
VM,17.966034,49.478539
POLL,8.15034,49.459549
NHG,11.08376,49.450737
ARKH,130.077713,49.420929
HEID,8.669184,49.415154
MJ,15.58923,49.39653
SAAR,7.11097,49.348892
ZTS,19.962749,49.30463
SMB,21.276148,49.292572
YAK,120.73333,49.283329
VYM,16.9970747,49.2765894
SFUV,-122.913197,49.275997
UBC,-123.25,49.264
SOB,14.72083,49.257431
GM,17.66301,49.225422
ZMT,15.872927,49.216236
BRNL,16.614689,49.209106
MALA,-124.011932,49.201271
CN,-0.363437,49.188965
BRNM,16.679131,49.182621
BRNU,16.5697175,49.1782533
TNP,20.277454,49.162323
KHMS,13.55453,49.143421
METZ,6.178195,49.121135
WPH,-113.911537,49.054352
POP,20.2972,49.0536
HNTS,21.499241,49.026619
REG,12.06559,49.017197
KR,8.402801,49.006718
CBFS,14.455074,48.974148
CB,14.47607,48.97274
CDFN,-57.956417,48.953354
SWGC,-57.935874,48.939671
TRE,18.04414,48.89613
JME,11.177996,48.887901
BIF,22.33713,48.8573
MZ,16.045259,48.85667
P,2.35982,48.842178
PAT,2.35982,48.842178
PC,2.35982,48.842178
BMSC,-125.13568,48.83561
MMI,16.636071,48.806293
STU,9.191,48.80368
UM,30.235142,48.768107
VRBG,44.572618,48.764322
HMP,18.641132,48.761726
SOF,30.223467,48.746899
KO,21.23876,48.735619
WWB,-122.487037,48.733945
VSM,21.253351,48.726917
SMBB,19.13736,48.718079
HOH,9.133305,48.715401
NCY,6.155345,48.662819
DIN,-2.050078,48.634377
UU,22.287558,48.620605
STR,7.766771,48.584285
LNAU,39.328259,48.582371
ZV,19.118059,48.570724
FHL,-123.012457,48.546465
MSUNH,-109.690007,48.541284
TUB,9.032574,48.537968
CHER,28.107285,48.537521
UVIC,-123.3116935,48.4634067
SQB,-68.408765,48.461941
DAVFP,-123.398228,48.459192
UQAR,-68.51403,48.453751
HLO,17.796843,48.426064
ULM,9.95828,48.423161
DSU,35.13789,48.42289
ANVL,2.728324,48.421064
V,-123.371384,48.421032
LKHD,-89.289749,48.411728
TUM,11.721885,48.399352
BRE,-4.48923,48.397678
CHAB,135.041443,48.372044
KHA,135.041443,48.372044
NR,18.099035,48.306785
NI,18.091719,48.303333
MTRO,4.07949,48.30067
DP,4.044087,48.296392
MISU,-101.301539,48.246542
WHB,16.337759,48.235046
WUP,16.358709,48.229118
FVCC,-114.329041,48.225903
LTM,18.603039,48.220192
W,16.362471,48.204708
WNLM,15.63304,48.20322
WU,16.384521,48.195267
SAV,17.07493,48.168743
WFBVA,16.31794,48.165665
MSB,11.500749,48.16432
M,11.501296,48.164299
SLO,17.078932,48.146229
BRA,17.112101,48.140259
REN,-1.69978,48.118391
OLYM,-123.432669,48.100958
KRMS,14.125894,48.050308
MELIT,33.784798,48.048676
DNZ,37.80329,48.015978
FB,7.884335,48.00296
FBMN,7.851319,47.993375
LSP,-84.777008,47.987793
LMS,0.208485,47.986946
ORM,1.929018,47.94165
UBU,106.921395,47.922945
GFND,-97.082291,47.922249
UBA,106.882988,47.907974
EGR,20.375411,47.900113
CO,-3.919115,47.869522
SZB,13.038936,47.800541
SZU,13.0442,47.799957
NBSI,16.7663,47.769
UWB,-122.191555,47.763265
PMK,18.12718,47.75742
VBI,19.227789,47.717102
SCH,8.637528,47.708412
KONL,9.174746,47.660225
VAN,-2.75824,47.656219
WTU,-122.304474,47.654602
WTUH,-122.304474,47.654602
SPC,-122.362435,47.650146
NFLD,-52.690891,47.594769
ADMONT,14.460605,47.576508
NFM,-52.711124,47.566784
RENZ,7.58098,47.55825
DE,21.621947,47.556075
BAS,7.57155,47.5272
BASBG,7.57155,47.5272
MMH,6.797638,47.509972
EWU,-117.584705,47.491412
GFC,-111.269891,47.490394
INH,-0.60602,47.478619
BP,19.099058,47.476372
ANGUC,-0.54865,47.464668
ANG,-0.5386,47.442299
NMSG,9.409471,47.439611
MMGMK,19.083205,47.414889
BREG,9.7375,47.40971
MRGT,18.991592,47.406824
ZT,8.547752,47.37632
Z,8.5585,47.358688
ZSS,8.53565,47.35696
TOU,0.70287,47.353882
QTC,123.954453,47.35247
MJSD,5.02684,47.320099
DI,5.072626,47.31254
IBF,11.515067,47.286654
PSM,-122.4828944,47.26365
IB,11.383751,47.263299
RV,39.813118,47.257221
UMFK,-68.590004,47.250301
SAMU,16.621735,47.233009
BESA,6.031473,47.232004
RWBG,39.658131,47.22892
NTM,-1.56559,47.212009
IASI,27.54846,47.197769
LI,14.693395,47.189198
IBIR,27.587116,47.174446
I,27.599991,47.16666
IAGB,27.599991,47.16666
PLU,-122.442186,47.146995
IRP,-88.564552,47.122532
MCTC,-88.554665,47.119358
MCT,-88.545309,47.115688
HKGL,9.06639,47.110378
GJO,15.41516,47.103473
GZU,15.459499,47.081249
BOUM,2.393271,47.077854
EVE,-122.977038,47.072335
UOP,21.9338,47.0643
NMLU,8.301525,47.051216
OSMC,-122.816464,47.040222
CHIS,28.841611,47.02661
CHISA,28.8575,47.0056
NEU,6.948589,46.999512
ELRG,-120.562752,46.988022
MRC,-113.965012,46.97171
SAKH,142.731979,46.961262
AUT,4.301869,46.94796
YALT,37.263371,46.943138
NPWRC,-98.7146,46.9137
MONTU,-113.935272,46.87611
MRD,-96.757077,46.867041
CCMH,-96.7709684,46.8647833
CHUR,9.53451,46.853619
NDA,-96.79821,46.85323
JMSMC,130.35,46.8333
DUL,-92.060852,46.815605
QFB,-71.227539,46.806557
QFBE,-71.227539,46.806557
NHMF,7.157408,46.793446
QUE,-71.3076,46.792
QFA,-71.2736,46.77743
SCFQ,-71.291321,46.768894
CLA,23.589296,46.76506
CL,23.596014,46.762585
KBM,17.242043,46.759025
GK,17.237515,46.749253
WS,-117.154102,46.729516
ID,-117.00827,46.72784
WSP,-117.165642,46.727737
IDF,-117.002846,46.724262
BXPM,11.657244,46.717705
SUWS,-92.062668,46.713123
KHER,32.629518,46.646063
KL,14.292633,46.627571
MSV,13.84445,46.613392
DQTC,125,46.5833
MAB,3.330333,46.567492
NM,-87.396362,46.555103
LAU,6.622906,46.513292
SSMF,-84.303459,46.504429
BOZ,11.365979,46.498625
SLU,-80.982727,46.46748
HCH,-117.011192,46.410313
NEZ,-116.802,46.39385
UQTR,-72.539841,46.342609
SZE,20.077089,46.292938
AGU,47.9620492,46.2722241
BNFH,-114.158153,46.270437
UPEI,-63.142052,46.25679
SION,7.36307,46.22864
G,6.146478,46.227467
LR,-1.15158,46.164669
HMSNMO,9.567725,46.131093
DOMO,8.28985,46.112919
JAY,6.719802,46.085812
JPU,18.205261,46.075825
WCW,-118.356407,46.074879
AMB,11.112647,46.06493
TR,11.11482,46.06276
MFU,13.232719,46.05933
LJF,14.4799376,46.0525203
LJU,14.46788,46.048477
LJS,14.504656,46.047449
PECS,18.244225,46.02486
LUG,8.960558,46.004162
LJM,14.47855,46.001171
UNB,-66.64058,45.947085
ROV,11.04105,45.8899
EPF,4.67377,45.880297
LIMO,1.283072,45.84735
DEND,16.029316,45.831661
ZAGR,16.0295033,45.8316251
ADRZ,16.122107,45.824074
CNF,15.93871,45.81966
CNHM,15.971672,45.816437
ZA,15.97222,45.815071
ZAHO,15.97222,45.815071
HRNDC,15.9672,45.8092
MSUB,-108.521812,45.794781
SIB,24.137083,45.785648
LY,4.863628,45.777885
MHLCLF,3.088447,45.774169
CLF,3.088735,45.773655
LYJB,4.833131,45.773257
SLL,4.84531,45.767361
BASSA,11.736091,45.766243
HANU,126.65,45.75
HLNM,126.65,45.75
HNR,126.650002,45.75
CCEC,4.84009,45.748112
HFBG,126.652008,45.739349
HLCM,126.652008,45.739349
NEFI,126.652008,45.739349
AO,7.210137,45.713905
BER,9.65921,45.705898
MONT,-111.043282,45.660259
TSB,13.79445,45.659908
TSM,13.800456,45.64008
BVS,25.58333,45.633331
STFX,-61.984901,45.61417
CSB,-94.39481,45.580121
CHBY,5.912627,45.566727
SCL,-94.154877,45.559643
MT,-73.558103,45.558294
CMMF,-73.5562,45.5579
UMBS,-84.781677,45.553329
HBBS,10.22794,45.553108
MNAV,11.547639,45.549477
HAH,-122.7154827,45.5159104
HPSU,-122.686145,45.513104
APM,-78.2333,45.5
REED,-122.630486,45.479176
MIPV,9.22642,45.476891
MI,9.224281,45.476875
MSNM,9.202101,45.471531
NSU,-98.483775,45.450615
LC,-122.670181,45.450168
CAN,-75.811462,45.444314
CANA,-75.811462,45.444314
CANL,-75.811462,45.444314
CANM,-75.811462,45.444314
VER,10.99264,45.44157
MCVE,12.322565,45.438408
ISMAR,12.355084,45.437457
UVV,12.34929,45.43729
OTT,-75.6814,45.421
MTMG,-73.936569,45.40498
PAD,11.87965,45.399551
SFS,-71.904808,45.398899
GINCO,-75.717114,45.39258
DAOM,-75.7108,45.391
DAO,-75.710833,45.390972
NSAC,-63.286079,45.371334
DFB,-75.789396,45.369289
BULQ,-71.836967,45.35651
NHMR,14.44445,45.329479
EOSC,-118.066002,45.312355
MAY,39.330677,45.28064
NBM,-66.082344,45.267361
BUNS,19.679611,45.26363
PZZP,19.851128,45.25005
BDNF,-112.64254,45.205566
LINCO,-123.1995678,45.2019071
GRM,5.732911,45.187347
PAV,9.16274,45.185501
GR,5.733149,45.177598
CFIA,-75.992378,45.164894
SBLM,-113.892147,45.160148
MN,10.79762216,45.15729615
SIMF,34.210625,45.123299
ACAD,-64.36799,45.087323
RI,13.650079,45.074741
TOM,7.65576,45.074039
MRSN,7.688715,45.064697
TO,7.684908,45.054558
TOGR,7.70228,45.05386
MSPC,9.70344,45.047562
SMRS,41.945938,45.041225
PUY,3.882941,45.040628
SBG,41.926529,45.036587
KBAI,39.000771,45.030853
SPI,41.96307,45.0233
PHEO,34.364182,44.995762
MIN,-93.181801,44.984547
YELLO,-110.69471,44.975151
CSAU,34.106075,44.960129
AUR,2.445724,44.934404
MAINE,-68.671707,44.896681
RIVE,-92.621634,44.852229
CBNSA,-0.5801,44.8495
MOC,-123.237358,44.847343
BORD,-0.55869,44.844391
FER,11.623554,44.842102
UWEC,-91.52356,44.832207
PTIS,-87.379959,44.82016
BEOU,20.470509,44.812576
BEO,20.471124,44.802406
PARMA,10.327382,44.795349
UMM,-67.458078,44.711465
CBRA,7.851927,44.701022
SPAL,10.631559,44.699272
ALB,8.0369,44.69838
PLAT,-73.46574,44.69489
ITAE,8.032249,44.687973
CNR,34.395538,44.667797
MOD,10.93382,44.648022
NSPM,-63.585018,44.644482
DAL,-63.595402,44.635052
SIBS,33.587646,44.626823
CSR,40.089241,44.602871
WAVI,-69.638474,44.570686
QK,-76.324546,44.567476
OSC,-123.281784,44.566784
OSUF,-123.278687,44.565216
GAP,6.075426,44.559786
UWGB,-87.922616,44.531896
UWSP,-89.57094,44.52735
MENDE,3.499189,44.518346
HUBO,11.40149,44.512001
BOLO,11.35249,44.49918
SMCW,-73.163605,44.495849
BHSC,-103.870255,44.493618
VT,-73.198565,44.479755
BUAG,26.0725,44.47126
BUCA,26.050894,44.445229
BUCM,26.050894,44.445229
SNC,-88.090904,44.440903
BUC,26.065819,44.436527
BUCF,26.101456,44.430138
MNF,-118.425,44.425
SJFM,-72.018456,44.419163
GDOR,8.942552,44.401455
HCOA,-68.221861,44.395
SLA,2.574843,44.347538
HL,-84.773201,44.32642
PNC,3.594144,44.323182
CRAF,23.795553,44.316792
CRAI,23.798582,44.316589
SDC,-96.773323,44.30986
BLMPR,-120.8119297,44.3031822
NHIC,-78.318,44.303
TUP,-78.3199,44.302139
LEDLIE,-70.35,44.289
SHI,85.998634,44.275333
NUV,-72.651833,44.165958
MANK,-93.997006,44.145646
WINO,-91.697876,44.044399
PGFA,43.07193,44.020351
OSH,-88.545097,44.017761
LCEU,-123.033968,44.008574
IGA,125.399298,44.001542
MID,-73.132454,43.998497
AV,4.80335,43.946602
MTL,2.143117,43.929115
PESA,12.92402,43.890759
CCM,125.3228,43.88
JLMP,125.3228,43.88
CMBG,-69.661485,43.873796
NENU,125.327148,43.869892
SARA,18.38493,43.852535
JLFC,126.5603,43.8508
LUCCA,10.50944,43.841412
NIM,4.3627846,43.8375682
JLDC,125.378101,43.836522
XJBI,87.575455,43.83308
HMJU,125.284884,43.825987
FAMU,18.341395,43.825413
UWL,-91.236229,43.817883
XM,87.573692,43.816204
RICK,-111.783821,43.814949
FEN,5.786535,43.814445
JLAU,125.406275,43.814005
HMJAU,125.414383,43.809887
ERCG,125.4038,43.808
XJA,87.583328,43.799999
XJFA,87.583328,43.799999
XJNU,87.583328,43.799999
XJDC,87.608673,43.799244
XTNM,87.608673,43.799244
XAG,87.613052,43.785896
HMGBH,7.55439,43.784751
FDLW,-88.411949,43.783661
FIAF,11.220205,43.782078
FIPF,11.220205,43.782078
FI,11.26001,43.77866
FT,11.26001,43.77866
XJU,87.578735,43.77758
XJUG,87.578735,43.77758
TEB,41.909851,43.775299
KCSU,41.905299,43.769788
PSH,-71.688266,43.75949
HNH,-72.171761,43.748821
PI,10.396916,43.719864
AGMT,10.7806,43.7099
PIAGR,10.418902,43.706303
NICE,7.279513,43.701931
DWU,-98.031231,43.696527
JBVN,7.209677,43.685265
ALF,3.877026,43.684355
TRTC,-79.393933,43.667825
TRT,-79.39442,43.667206
UAMH,-79.397181,43.658193
GRTE,-110.718729,43.655756
CIC,-116.6776,43.6527
EIDM,3.848338,43.619176
MPU,3.872025,43.615789
ZCA,122.2653,43.6125
BOIS,-116.194138,43.608315
MPA,3.914164,43.607634
SRP,-116.2063,43.606
TLA,1.44688,43.605239
TLM,1.44924,43.594341
TL,1.44798,43.593895
CMC,-84.774917,43.585439
ANC,13.51282,43.575771
CBPF,2.124873,43.567999
BBLM,-116.206754,43.566744
VTA,7.1250522,43.563251
AUG,-96.724739,43.557453
TRTE,-79.665153,43.549508
OAC,-80.24073,43.54409
AIX,5.44882,43.527931
JBAG,-5.62896,43.527409
MARSSJ,5.446504,43.51792
NHMS,16.449722,43.511944
BAY,-1.47239,43.49194
KBHG,43.658428,43.48381
BTJW,-110.755692,43.471317
WLU,-80.52282,43.470688
OSW,-76.539303,43.456073
ALMA,-84.673248,43.397419
ILH,-95.18235,43.377776
FCO,-5.872839,43.356174
BZR,3.21402,43.34122
ERD,-5.59,43.34
BIO,-2.982551,43.335551
SIAC,11.331104,43.314293
SIENA,11.3314,43.313942
LCDI,-91.797523,43.3069
MHNM,5.395585,43.304936
MARS,5.37742,43.30389
CAME,13.44108,43.298161
ARAN,-1.95985,43.29258
MAKAR,17.022961,43.290272
HAM,-79.851639,43.250595
AA,76.951544,43.250581
MUSK,-86.193863,43.249355
HCOM,5.458519,43.230253
INGU,44.771721,43.222439
BROC,-77.956543,43.20919
VGEO,131.926603,43.197614
SPH,-71.859856,43.163345
NHA,-70.930656,43.152069
VLA,131.910034,43.150166
HPH,-77.610893,43.131756
VBGI,131.923777,43.130575
TLON,5.92846,43.125717
BU,-79.246725,43.12019
HYE,6.128351,43.117917
PERU,12.39593,43.0998
NFO,-79.069511,43.093208
UWM,-87.879823,43.075254
CFMR,-89.425872,43.07491
WIS,-89.404144,43.073853
SAP,141.342133,43.072071
SAPA,141.342133,43.072071
SAPS,141.342133,43.072071
SAPT,141.34213,43.072069
HAK,141.346933,43.07145
BBF,0.146753,43.054081
SYRF,-76.135384,43.046085
MIL,-87.921654,43.040211
CWC,-108.398918,43.025238
UMF,-83.688957,43.012508
SUCH,40.988968,43.007277
LUGO,-7.536764,43.003082
UWO,-81.247398,42.996399
DAG,47.494194,42.991028
LENUD,47.413532,42.974876
GVSC,-85.916862,42.972221
BWNC,-76.344156,42.965308
AQC,-85.629288,42.957981
AMWH,-85.4889121,42.9541963
ECK,-78.8835,42.9348
CALVIN,-85.588358,42.927253
BENN,-73.235947,42.920351
BUF,-78.843802,42.906203
FLH,-77.241067,42.867179
IDS,-112.43129,42.860344
SANT,-8.53546,42.85656
VIT,-2.675045,42.850113
FRU,74.512779,42.84827
UCS,-73.918388,42.82338
CSCN,-103.001907,42.821259
PAMP,-1.643725,42.817429
GRCH,-75.534927,42.816422
GESU,-77.801018,42.804863
UPNA,-1.63286,42.796558
LUCH,0.5921,42.789291
HCHM,-86.108788,42.786648
GLA,-74.270282,42.783018
CRLA,-122.06205,42.76857
MSC,-84.473627,42.722532
WET,-92.456619,42.711506
SO,23.3417,42.677521
SOM,23.36533,42.67128
SOMF,23.36533,42.67128
UWW,-88.503757,42.658738
NYS,-73.7617,42.6483
CORT,-76.188877,42.599045
LEB,-5.576167,42.593125
WMGC,-70.821701,42.582008
BLH,-83.225616,42.561901
JACA,-0.596659,42.541737
PM,-70.892876,42.521549
ISTC,-92.460854,42.511898
IEA,1.492116,42.466462
HHH,-75.073426,42.457103
SUCO,-75.058617,42.454918
BH,-76.476254,42.448947
CUP,-76.476471,42.448183
ARSEF,-76.469963,42.446243
ANTU,128.126495,42.436729
OLV,-84.92562,42.43607
LOU,-8.6462,42.432312
TGU,19.260376,42.426414
UTV,12.0857,42.42561
KBSMS,-85.420425,42.41523
MASS,-72.524271,42.389279
FH,-71.114207,42.379175
A,-71.1145948,42.3790883
ECON,-71.1145949,42.3790883
NEBC,-71.1145948,42.3790881
AMES,-71.1145947,42.379088
GH,-71.1145945,42.3790878
AQUI,13.34824,42.367569
WUD,-83.069092,42.360649
BSN,-71.100906,42.348408
HNUB,-71.088913,42.340294
BEDF,-71.426437,42.338993
APP,13.589914,42.335677
SCHN,-72.638769,42.318304
WOCB,-83.06591,42.306728
TURP,89.250008,42.297508
WMU,-85.610558,42.28207
ECOT,-71.766066,42.264111
ALBC,-84.753021,42.25074
ETL,-87.8289114,42.2490572
EMC,-83.626999,42.24786
MICH,-83.727204,42.236097
CGCC,-73.817709,42.218019
KFRA,-121.756333,42.182564
BLMLK,-120.419693,42.182289
CHIC,-87.787588,42.147172
SOA,24.764709,42.133949
WSCH,-72.797078,42.132174
BING,-75.901299,42.109642
SPR,-72.587173,42.104362
ECH,-76.815208,42.098621
SBU,-78.482872,42.077591
SOC,-122.715881,42.04446
ISC,-93.644618,42.028505
MKMEL,21.505301,42.015547
MKNDC,21.495354,42.00729
HMMNH,21.417999,42.005188
MKNH,21.474371,42.002079
MCF,21.451469,41.999901
LUC,-87.657486,41.998625
HGI,2.8313,41.966141
PPNP,-82.518534,41.962825
DEK,-88.721115,41.957836
AUB,-86.33783,41.94257
ROPV,12.556478,41.932945
HLSD,-84.630842,41.931381
MOVC,-91.42535,41.926979
CACS,-87.633842,41.926159
HFLA,12.4742943,41.9136894
RO,12.512421,41.901184
ADR,-84.05835,41.89732
ROHB,12.46487,41.891571
URT,12.46839,41.866959
F,-87.618469,41.864983
RMTV,12.625507,41.853664
BRU,-71.398003,41.83088
MOR,-88.062992,41.816577
CONN,-72.258438,41.809891
IFP,123.4328,41.7922
LNAF,123.4328,41.7922
LNCM,123.4328,41.7922
SY,123.4328,41.7922
SYAU,123.4328,41.7922
SYAUF,123.4328,41.7922
RWPM,-71.418571,41.783865
JSNM,-88.094919,41.778903
DSRC,-74.15358,41.77213
SYPC,123.455399,41.768902
PPRL,-111.80578,41.756797
GRI,-92.723312,41.753429
UTC,-111.810758,41.74322
AUMH,44.790829,41.724998
TB,44.790829,41.724998
TBPH,44.790829,41.724998
TGM,44.790829,41.724998
KNFY,-122.638863,41.715778
TONG,126.069679,41.709221
ND,-86.238813,41.699901
NDG,-86.238813,41.699901
CCSU,-72.76422,41.69358
TBI,44.790281,41.68933
VAS,-73.897873,41.685326
HMIM,2.80107,41.676109
EDTU,26.58399,41.662533
BATU,41.656055,41.65173
HDSM,-71.002415,41.628696
HBIL,0.61834,41.609165
DRK,-93.653994,41.603665
IS,14.233574,41.594795
BDI,-90.60334,41.531246
SPWH,-70.661034,41.52375
CLM,-81.610657,41.509979
AUGIE,-90.5472,41.505234
BCB,2.090671,41.501255
KIRI,-71.522308,41.485847
ZNG,31.761222,41.451293
EMNH,-75.645048,41.400369
WCSU,-73.444057,41.400153
PHARB,-70.677653,41.395882
BCN,2.11558,41.38171
BGSU,-83.640635,41.379991
SICH,-93.541016,41.368832
INA,-8.479859,41.36808
OMUB,36.185627,41.366962
BC,2.15207,41.359089
NHES,-72.919017,41.330456
HVR,-7.741847,41.32119
YU,-72.91848,41.320461
WYAC,-105.569158,41.315407
RM,-105.585541,41.312439
RMS,-105.585541,41.312439
TASH,69.273018,41.307838
NCBS,-72.913376,41.306648
TASM,69.265602,41.303375
CCNL,-72.080566,41.297943
OC,-82.214531,41.282387
NMMA,-70.105114,41.280374
OMA,-96.011482,41.25959
WILK,-75.887545,41.245107
WSCO,-111.954536,41.243294
ARTH,41.850915,41.1982656
WGCH,-73.431692,41.192804
PO,-8.64246,41.154079
KE,-81.362503,41.150352
ISTO,29.033331,41.150002
BART,-73.554321,41.132572
YUO,-80.646599,41.126202
RE,122.070709,41.12001
BI,16.878159,41.107483
ISTF,28.973356,41.087258
SLRO,-80.051346,41.059918
ISTE,28.962243,41.012408
MARE,29.020276,41.00418
NGBB,29.1186731,40.9953587
KATO,39.76004,40.992157
NAKU,27.579523,40.992086
MUFE,29.054438,40.98782
HERA,28.872336,40.983149
WDNE,-117.714668,40.977364
SALA,-5.67739,40.964691
BUPL,-76.88,40.96
KNOX,-90.342644,40.955051
DUOF,31.177703,40.906015
BLMAR,-124.088129,40.903215
HUNT,-85.4955,40.8966
HSC,-124.078362,40.87553
OBPF,-73.528763,40.875416
NY,-73.880768,40.866829
HNWU,-96.647412,40.838607
NEB,-96.69779,40.823132
POR,14.342786,40.811455
PORUN,14.342786,40.811455
FGC,111.652222,40.810558
HIMC,111.652222,40.810558
IMDC,111.652222,40.810558
IMFA,111.652222,40.810558
NMAC,111.652222,40.810558
NMFC,111.652222,40.810558
NMTC,111.652222,40.810558
PAC,-77.866188,40.798325
UT,-111.822694,40.764087
NEMU,-74.171062,40.742299
SASSA,8.5575,40.723141
SS,8.550552,40.722455
NRRL,-89.613129,40.708641
AIBU,31.543989,40.703442
NEBK,-99.095322,40.701061
ROCH,-73.927948,40.670898
BKL,-73.962402,40.669474
SIM,-74.07845,40.644249
TAUF,22.948717,40.632721
HLUC,15.805643,40.632645
AVE,-8.63456,40.629059
IUP,-79.160652,40.616631
LEH,-75.3782701,40.6070782
MCA,-75.526711,40.592743
HHUF,140.470658,40.589331
CMML,-105.078591,40.573909
CS,-105.0870247,40.5727018
MAUAM,-3.699926,40.544677
HMUT,81.297641,40.540551
BBGK,22.999373,40.538435
DFEC,106.667427,40.53352
RESC,-122.290779,40.526402
STNF,-122.301389,40.523056
ISU,-89.010638,40.519943
BLMRD,-122.303044,40.509256
AH,-3.34668,40.505501
CHRB,-74.438058,40.487681
RUTPP,-74.438059,40.487681
TAR,17.236784,40.474442
SPIF,-122.317121,40.472193
MWI,-90.681984,40.468652
UI,-109.499763,40.44873
EMMA,-3.714,40.446838
CM,-79.950363,40.444012
USUUB,-109.561297,40.443279
MAA,-3.729162,40.44281
MACB,-3.729162,40.44281
MAIA,-3.729162,40.44281
MAF,-3.72588,40.442799
DINO,109.3042,40.4372
PUL,-86.9187,40.4236
PUR,-86.9187,40.4236
MA,-3.69261,40.412556
ELH,-120.639845,40.410809
GREE,-104.691617,40.409932
USP,-3.836385,40.397855
BAK,49.89201,40.37767
NMSU,-94.882758,40.351965
LVNP,-121.612473,40.345375
LEC,18.12052,40.33213
RPM,-75.949753,40.3274
GOPU,36.477291,40.293644
PAM,-76.881125,40.28706
UVSC,-111.712495,40.277856
TCNJ,-74.779262,40.271234
OWU,-83.105232,40.2677
SMP,-76.883541,40.266115
WANF,-111.647448,40.253391
BRY,-111.653053,40.251541
BULU,28.8395,40.233002
RET,-74.472062,40.213319
SSLP,-111.652061,40.20974
COI,-8.4227411,40.2068718
BSUH,-85.407806,40.203209
NEMO,-92.58255,40.196125
ERCB,44.513641,40.181129
ERE,44.513641,40.181129
ERHM,44.513641,40.181129
YAI,44.513641,40.181129
GGB,-105.202011,40.162762
CEL,-88.223961,40.111893
CBB,26.418211,40.109821
ILL,-88.223877,40.109043
ILLS,-88.24027,40.092927
MOAR,-75.222316,40.087702
DEN,-82.508736,40.064335
IMM,116.328428,40.054586
FMC,-76.320335,40.041451
BAU,116.276903,40.027611
CIBO,-105.225008,40.02568
COLO,-105.272624,40.00688
ABFM,-75.249046,40.001381
BJFC,116.345488,40.001324
MVSC,-76.357727,39.99976
OS,-83.042313,39.99815
CAF,116.285019,39.994598
CIS,116.411087,39.994282
PEM,116.339653,39.989182
ICBR,116.479865,39.988905
BCMM,116.412003,39.977989
IGGDC,116.3839949,39.9771219
DAWES,-82.415151,39.970122
PE,116.207739,39.969683
DWC,-75.576569,39.967796
PHIL,-75.209053,39.962341
IVF,116.332517,39.958117
PH,-75.1713,39.956915
ANSP,-75.171555,39.953442
HMAS,116.3883,39.9389
IMD,116.3883,39.9389
AEF,32.830769,39.936255
ANK,32.836662,39.934793
CMMI,116.363579,39.92844
PEY,116.363579,39.92844
BJTC,116.322125,39.928125
ANKO,32.824638,39.925926
JHWU,-83.856102,39.925499
GAZI,32.818905,39.920357
HUEF,32.854271,39.919868
SWC,-75.352608,39.906319
BIA,32.864761,39.903271
HBH,32.732558,39.893826
HGM,4.272946,39.883999
BJM,116.397751,39.880939
CPB,116.397751,39.880939
ADO,33.482391,39.861778
HUB,32.741161,39.860538
BNU,116.414421,39.856628
KEN,-75.707535,39.84087
EAR,-84.912708,39.824441
AKPM,140.067093,39.819351
BUT,-86.182518,39.808617
DMNH,-84.202201,39.788227
ANES,30.508286,39.770958
ESSE,30.508286,39.770958
HJBS,2.708205,39.758598
MWSJ,-94.786385,39.749645
DMNS,-104.94285,39.74756
ISM,-89.632721,39.744862
CHSC,-121.845471,39.731073
DBG,-104.96037,39.72989
KHD,-104.960365,39.729885
CUFH,37.022888,39.721165
CHA,119.159836,39.706776
IUM,141.149612,39.702625
WVA,-79.956033,39.636791
MALS,-110.820183,39.59951
PRI,-110.802048,39.597824
MCDNL,-77.001617,39.580688
HWBA,-95.137787,39.563099
RENO,-119.811991,39.537753
NDOA,-119.772769,39.531194
NSDA,-119.803162,39.510521
MU,-84.733335,39.508347
VALA,-0.353673,39.483192
EIU,-88.175135,39.479703
VAL,-0.3859,39.475449
TER,-87.408224,39.471049
WSFA,-83.816147,39.445148
FWVA,-80.173378,39.442047
SCFS,-120.240507,39.43552
MCCC,-123.811378,39.422021
DUP,29.997169,39.40609
BALT,-76.604492,39.392841
PSP,-78.911697,39.36594
ZYTC,99.819741,39.357002
EPHR,-111.584763,39.354019
BHO,-82.103125,39.324768
CLU,16.250191,39.30999
SAWV,-80.561966,39.284748
ENLC,-114.860062,39.257931
WJC,-94.411612,39.249051
BCWS,-78.526864,39.248019
CAG,9.1099,39.221241
KSC,-96.581819,39.200454
DOV,-75.524948,39.192844
BLMCAR,-119.701594,39.183385
IND,-86.52228,39.170904
NSMC,-119.766983,39.166492
CINC,-84.51693,39.13047
TIPR,117.158821,39.12291
TJDC,117.185081,39.10693
TJMP,117.185081,39.10693
NKU,117.18911,39.092869
TIE,117.18911,39.092869
MESA,-108.554218,39.08008
PRR,-76.77162945,39.07772751
KNK,-84.454826,39.039234
WASH,-95.700447,39.03693
BPI,-76.923367,39.022345
MARY,-76.942985,38.998225
WVW,-80.22084,38.99073
ALBA,-1.852736,38.987923
TAWES,-76.503671,38.985777
KANU,-95.249534,38.95797
RMBL,-106.988736,38.957242
GSC,-80.8341,38.9361
DEWV,-79.848869,38.930988
HUDC,-77.020866,38.921108
DNHM,121.644768,38.91827
FFBNM,-105.2799225,38.913476
BARC,-76.9701,38.9123
LEF,121.6022,38.9122
LNNU,121.6022,38.9122
BFRS,-120.663234,38.910603
FHKSC,-99.315742,38.900009
WVHP,-79.859,38.896
US,-77.026108,38.891325
USNC,-77.025452,38.888699
HSS,-6.968475,38.880966
UNEX,-7.0065,38.879459
ELVE,-7.162716,38.877925
HBAU,115.4903,38.8511
HBFC,115.4903,38.8511
JUJ,115.4903,38.8511
GMUF,-77.309738,38.83506
COCO,-104.822266,38.83427
JESSUP,-121.292557,38.81982
SAL,-97.60508,38.814358
AVCH,-77.080695,38.805946
FNFR,-112.082664,38.76944
WARM,-93.739723,38.767086
ATCC,-77.475546,38.750883
IFGP,-120.745497,38.741423
YF,112.889885,38.738945
LISU,-9.15034,38.717411
LISI,-9.184205,38.708591
LISVA,-9.184205,38.708591
ERCH,35.518939,38.703845
LISC,-9.18394,38.700001
LISE,-9.308014,38.697674
LISFA,-9.31686,38.696754
AZU,-27.232794,38.677307
MQ,103.091026,38.625404
FUH,39.181404,38.624508
MO,-90.259573,38.61327
IZ,27.06645,38.60524
MNH,-92.229113,38.594098
UEVH,-7.909513,38.576908
VHLV,43.282028,38.570735
VPH,43.287629,38.570027
PPWD,-122.6894,38.57001
PUA,-122.44384,38.569908
SACT,-121.425228,38.565839
VANF,43.272751,38.557529
MODNR,-92.118027,38.546757
WSC,-106.917091,38.544735
DAV,-121.746399,38.540901
HAVI,-78.870613,38.482948
CDA,-121.468834,38.481506
EGE,27.209532,38.459568
NXF,106.292847,38.458359
JMUH,-78.86754,38.437029
MUHW,-82.427209,38.423426
KSTC,-96.196053,38.411465
YAMA,140.129256,38.398458
INU,38.017754,38.379883
BDWR,-78.971542,38.378757
SUHC,-75.60762,38.34927
JEF,-85.820442,38.345889
ABH,-0.48101,38.3452
MVC,-81.616316,38.332932
NCC,-122.693963,38.331372
AKSU,33.985336,38.328232
PUSC,-104.581062,38.30394
HBDC,114.600861,38.301987
MWCF,-77.474953,38.299992
HBNU,114.596741,38.288689
YLD,109.734734,38.278439
TUS,140.857031,38.263358
MS,15.597271,38.262344
PHL,15.5974,38.262
TUSG,140.855988,38.2523
UPA,21.776405,38.226891
MDKY,-83.416168,38.207916
CBH,20.49753,38.160267
REGGIO,15.655056,38.117831
HZTC,112.3192,38.1161
PAL,13.37324,38.113819
SAF,13.348,38.1034
UMH,-0.95174,38.083389
HCAT,46.291901,38.080002
ATH,23.81448,38.073479
PORE,-122.817123,38.060669
TBZFPH,46.327196,38.059022
KY,-84.50521261,38.03139355
MUB,-1.155953,38.01218
JOMU,-122.130862,37.992321
ATHU,23.728739,37.988125
ATHUM,23.728739,37.988125
ACA,23.704809,37.983559
ACAM,23.704809,37.983559
CPH,-121.311134,37.979557
TAU,23.715934,37.977414
ASH,58.379765,37.950156
DVM,-122.05941,37.949341
SIIRT,41.940141,37.937175
SUFAF,41.940774,37.936279
DUF,40.225342,37.91581
KNYA,32.48307,37.90797
COFC,-4.77291,37.884033
JEPS,-122.262447,37.871419
UC,-122.262447,37.871419
COA,-4.78438,37.86935
PFRS,-122.269623,37.869122
AYDN,27.837034,37.84317
SMC,-122.107471,37.841875
TY,112.529586,37.841416
TYF,112.56382,37.837231
PAMUH,29.080528,37.810825
HSIB,112.570084,37.809711
SXU,112.570084,37.809711
SSMM,112.605698,37.80217
OAKL,-122.264572,37.798309
VMI,-79.4351864,37.7898789
TYNUB,112.605476,37.780412
KH,127.163383,37.779579
OMC,-122.182388,37.779274
WVIT,-81.190892,37.775964
CAS,-122.466789,37.770241
JAEN,-3.797275,37.768082
AZB,-25.65778,37.744061
YM,-119.598862,37.743177
AZ,-25.667681,37.743076
BEREA,-84.2973,37.7395
EKY,-84.2973,37.73949
SIU,-89.217552,37.730034
SFSU,-122.477028,37.720791
WICH,-97.2904587,37.7167062
GUL,30.597555,37.698811
SUU,-113.069351,37.677116
LGBG,-77.470963,37.620237
PGC,-77.470885,37.620114
UPCT,-0.9813,37.606949
SWU,127.016303,37.592363
KFI,127.046349,37.586967
NPRI,126.998428,37.578609
LAC,111.1339,37.5786
XBGH,111.1339,37.5786
URV,-77.539927,37.574302
KB,126.636383,37.54668
VDAC,-77.435074,37.546387
VCU,-77.453857,37.544945
SHTC,-120.855759,37.521843
IN,127.041713,37.516655
CAT,15.082561,37.514832
KUS,127.062346,37.498278
KHOR,71.549554,37.486697
SNU,126.951607,37.478409
SNUA,126.951607,37.478409
ALAM,-105.872902,37.473869
SFC,126.951867,37.45992
IUI,126.659813,37.456211
GCU,127.129743,37.451159
RMWC,-79.189301,37.43927
SDFH,121.940875,37.43046
KOPRI,126.678407,37.40901
JROH,-122.244953,37.403439
KSP,-94.701319,37.3914
LYN,-79.540758,37.390665
SEV,-5.98556,37.382111
INF,-118.411023,37.36266
JA,-5.97944,37.357471
UPOS,-5.97143,37.351151
SJSU,-121.884827,37.334789
SEMO,-89.52744,37.315708
FARM,-78.39718,37.300442
ROAN,-80.001129,37.296329
SKK,126.978279,37.295872
SARC,-80.077271,37.293488
FLD,-107.870727,37.274049
AJOU,127.057137,37.273602
WILLI,-76.713851,37.269438
HCCN,126.989029,37.26881
GILAN,49.587219,37.2621
VPI,-80.420029,37.236561
SMS,-93.300667,37.229614
VSUH,-77.402222,37.227718
ZNP,-112.981806,37.208942
HNHM,126.784203,37.205799
RABH,-6.919199,37.201737
GUM,49.636283,37.195969
GDA,-3.6023,37.182331
HARRAN,39.001717,37.172292
GSFS,106.7806,37.1467
RUHV,-80.556808,37.140526
NMR,128.191341,37.13325
KNUH,127.084243,37.08964
MCJ,-94.508179,37.08009
CUEF,35.362843,37.059747
ALGU,-7.930345,37.04797
UCSC,-122.056969,36.993729
AHP,-121.948434,36.988287
WKU,-86.455132,36.98724
LYAC,120.712326,36.977867
CVCW,-82.596031,36.963783
WYCO,-81.075119,36.953018
GDB,7.755543,36.902859
ODU,-76.30309,36.887464
SXAU,111.632111,36.863678
DPUH,42.865871,36.858081
HUAL,-2.408912,36.840153
ALME,-2.46463,36.836056
FSC,-119.760384,36.82338
EWH,128.647736,36.799702
NWOSU,-98.657608,36.797615
EHCV,-81.833138,36.774097
SJNM,-108.166245,36.770004
AL,3.04197,36.752499
ENSA,3.148824,36.722581
MGC,-4.42019,36.719917
NAC,138.175354,36.703659
JSPC,117.081,36.7019
HUMZ,52.646199,36.69986
QF,101.746803,36.695042
TOYA,137.211869,36.680852
TYM,137.180723,36.659849
SDCM,117.061203,36.641911
SDFI,117.061203,36.641911
SDMP,117.061203,36.641911
SDNU,117.061203,36.641911
SFGRH,117.177102,36.637406
CBU,127.454803,36.625259
GMS,-121.922302,36.622768
PGM,-121.917435,36.621918
SOTO,-93.235881,36.619248
HNWP,101.7667,36.6167
QDC,101.7667,36.6167
QG,101.7667,36.6167
QUA,101.7667,36.6167
MUR,-88.317802,36.614479
KWNU,127.541618,36.577614
LNCN,-83.654577,36.57449
ANH,128.794388,36.55019
KANA,136.722107,36.549889
APSC,-87.336472,36.530449
ISKW,136.702529,36.523139
PINN,-121.179005,36.482152
KNH,127.141681,36.469942
NNH,128.253985,36.454636
LCUF,115.995069,36.428093
THRI,-118.914886,36.421215
DEVA,-116.859268,36.400177
KSM,127.374863,36.376384
IBAR,140.496948,36.369766
KRIB,127.354668,36.369301
CNUK,127.344299,36.367938
CAVA,-121.551033,36.359161
IAUM,59.553101,36.3452
UTM,-88.864212,36.343064
MSUH,43.118889,36.334999
FUMH,59.534354,36.316396
ETSU,-82.365067,36.308163
GMNHJ,138.880493,36.28101
SHIN,137.965317,36.241871
BOON,-81.683601,36.220798
SES,113.13414,36.219971
SDAU,117.087614,36.200253
SDFS,117.087614,36.200253
ARB,44.009754,36.191284
IMPH,50.277991,36.185621
HTTU,-85.504097,36.177261
WFU,-80.289978,36.169151
DU,54.324092,36.168067
TULS,-95.945366,36.14687
TKY,137.422233,36.142679
NWTC,103.66893,36.1297
NWUB,103.66893,36.1297
OKLA,-97.07037,36.12322
LINF,111.45,36.1167
TSH,140.103998,36.111403
UNLV,-115.142881,36.110167
TNS,140.1105,36.103122
SMNH,139.116047,36.087446
SC,-80.240131,36.087274
NTS,-115.147049,36.085751
NCATG,-79.769852,36.077068
QD,120.333949,36.060334
UARK,-94.18353,36.058544
GAUF,103.7922,36.0564
LZD,103.7922,36.0564
LZU,103.85659,36.055649
GCNP,-112.121567,36.039509
LZAH,103.740334,36.019772
TFM,140.131836,36.00832
TF,140.131758,36.008308
INM,139.908661,36.007
DUKE,-78.945042,35.999828
THS,140.220795,35.99754
FUK,136.131348,35.973289
HHU,128.542786,35.961639
TENN,-83.931839,35.952387
NOSU,-94.973824,35.913239
NCU,-79.05078828,35.90825274
KHUS,128.634628,35.90591
KNU,128.608276,35.893459
ARG,14.50505,35.891174
JMH,-106.306313,35.885063
DGU,128.587061,35.862092
STAR,-90.679001,35.85014
MTSU,-86.364797,35.849605
JNU,127.133904,35.847599
YNUH,128.751221,35.83485
JJU,127.099052,35.82008
TUT,126.9925,35.8181
HNPGBI,50.966759,35.815014
IAUNT,51.419322,35.807194
TOHO,140.132803,35.806964
UTFH,50.996837,35.804556
HSBU,51.395333,35.79873
IRAN,51.404,35.797
MPH,51.393501,35.7939
NCMS,-78.639605,35.782245
MTDO,139.90035,35.7761
ALUH,51.39286,35.768781
NCSC,-78.681892,35.767792
NCSLG,-78.681892,35.767792
TMRC,51.381311,35.748001
MMTT,51.362596,35.744672
MYDC,107.632469,35.73867
QYTC,107.6353,35.7356
TARI,51.447966,35.723712
TEH,51.447966,35.723712
TUH,51.447966,35.723712
UTF,139.75959,35.71601
TI,139.7611939,35.7086052
FAR,51.426457,35.70435
T,51.4283752,35.7024743
GSMNP,-83.521652,35.700096
CATU,-80.4806,35.6903
CBM,140.055775,35.674297
IAUH,51.471612,35.659702
CSU,-97.474998,35.655819
TFA,139.280426,35.644779
TEU,139.42363,35.637741
NCZP,-79.757297,35.627527
ICH,51.183185,35.62516
UNCA,-82.566373,35.615115
NIPR,139.581299,35.61488
TOFO,139.581299,35.61488
WWC,-82.445997,35.61006
ECUH,-77.355846,35.607143
MAK,139.375977,35.60524
QFNU,116.967155,35.596721
KBFH,45.352053,35.570109
SUFA,45.443498,35.566444
WOH,-98.700569,35.532505
MAIC,24.018635,35.514015
TRPM,134.278217,35.510342
TUMH,134.235092,35.501122
OCU,-97.542847,35.495255
YNU,139.589633,35.473708
RARO,-78.913851,35.464448
TMI,134.234482,35.454369
CAU,-78.743238,35.410543
KAMA,139.583322,35.343842
NBRC,139.99292,35.332481
HENU,113.874237,35.325878
HKS,46.999616,35.317228
NHMC,25.150888,35.305641
OBI,-120.660057,35.299393
APCR,-93.134242,35.295191
UNCC,-80.720512,35.274719
KPM,139.121536,35.24091
MNA,-111.66378,35.234001
IAUGH,52.340561,35.222221
WCUH,-83.171043,35.20705
UOS,-85.919848,35.203175
OKL,-97.441246,35.195377
ASC,-111.65332,35.19163
COCAZ,-111.674047,35.186547
CNU,126.897659,35.17931
ASUF,-111.656227,35.17548
CYP,33.366669,35.166672
NEUN,33.366669,35.166672
NAVA,-111.669922,35.158405
SWMT,-89.9901,35.15517
NUM,136.966934,35.154881
GNUC,128.110733,35.150261
WEWO,-79.371661,35.14704
MEM,-89.932526,35.123959
UNM,-106.62381,35.108345
HXC,-92.426003,35.082626
UCAC,-92.457531,35.07862
ALBU,-106.616257,35.054737
HBSH,-83.190559,35.054512
AICH,137.043289,35.054031
KIOM,126.7157083,35.04468333
UCHT,-85.071144,35.044102
OCLA,-97.955101,35.03368
OOM,135.53241,35.015335
GMDRC,-115.65345,35.012329
KYO,135.783356,34.995322
WTS,-101.909462,34.981728
USCS,-81.937592,34.959496
CONV,-81.918359,34.95623
WINU,-81.030583,34.936462
FUGR,-82.438564,34.922879
HYO,135.192062,34.884659
UNAF,-87.621712,34.82729
KAI,114.3483,34.7911
AAMU,-86.571535,34.783599
SAPCL,-79.448662,34.78178
HUST,111.200233,34.772419
ECSC,-96.662773,34.772354
HECM,113.687599,34.76804
HEAC,113.6486,34.7578
HEBI,113.6486,34.7578
ANHC,-92.282041,34.752019
TSU,136.517154,34.745033
MIE,136.501667,34.742222
OKAY,133.927017,34.69659
CLEMS,-82.803459,34.689861
PEMB,-79.200042,34.685044
BGH,72.060442,34.669782
OSA,135.515594,34.61338
CAMU,-98.454895,34.600834
NHI,-112.467648,34.542842
KUFS,69.133787,34.514935
SWAT,72.2111,34.4943
SBBG,-119.709351,34.453556
UCSB,-119.845695,34.415211
HIRO,132.475939,34.410461
YIM,95.118378,34.406834
SBCC,-119.697091,34.40629
HIBG,132.347438,34.390719
MJS,105.998917,34.388451
AKASH,73.470194,34.373691
MISS,-89.530502,34.36491
RANK,47.037717,34.363575
HUP,73.2111,34.3333
SNTCM,108.7091,34.3326
RUHK,47.098906,34.325015
REH,-84.554511,34.318829
NBYC,-81.622375,34.285634
NWFC,108.081802,34.271927
WUK,108.081802,34.271927
YL,108.081802,34.271927
BCH,-85.185,34.26
VFWO,-119.224878,34.250664
SXIM,109.008244,34.237018
SFV,-118.526964,34.236222
UNGGVH,83.86528,34.23467
WNC,-77.868395,34.222814
XZTC,117.200733,34.204722
FMUH,-79.794693,34.195869
YAM,131.47139,34.185829
CSUSB,-117.327247,34.182875
WL,107.791389,34.180943
VNC,-118.4175,34.176798
ENMU,-103.3472,34.1764
CSUCI,-119.043749,34.162507
WMNH,135.207092,34.158772
LASCA,-118.052147,34.141453
LOC,-118.211708,34.139626
CHAF,-117.57579,34.137798
HNT,-118.114061,34.129563
JOTR,-116.037,34.127
HEND,-93.046143,34.12088
RSA,-117.714851,34.110271
LA,-118.441391,34.06702
KASH,74.845691,34.066359
CSLA,-118.171555,34.062328
CSPU,-117.786484,34.058666
TKPM,134.528442,34.047241
AUH,71.482101,34.021317
RAU,-6.82662,34.011139
RAB,-6.84142,34.008808
ICFP,71.475136,34.001014
DUR,-96.368004,33.99501
USCH,-81.028102,33.994943
CLARK,-117.372597,33.98238
UCR,-117.323882,33.970255
IAV,-6.784885,33.962738
WHIT,-118.022713,33.957371
GAM,-83.372895,33.943068
GA,-83.371429,33.940811
LOMA,-117.453743,33.925591
IBRC,50.8864,33.90558
BEI,35.494419,33.888939
ICP,71.875,33.884998
PES,71.875,33.884998
PPFI,71.875,33.884998
PUP,71.875,33.884998
MACF,-117.91611,33.87487
KMNH,130.792725,33.866779
POONCH,73.7483,33.8473
BZCM,115.7681322,33.8405146
MATSU,132.765747,33.839161
JSU,-85.763228,33.823784
GEO,-84.324051,33.791009
LOB,-118.122414,33.781651
ISL,73.135031,33.750428
DSC,-90.733749,33.747559
RAW,73.095826,33.720043
PMNH,73.060469,33.718057
AMAL,-85.820818,33.69697
PMAS,73.08129,33.649304
ST,116.9789,33.6361
IRVC,-117.829163,33.634602
FU,130.422936,33.627503
UAM,-91.808174,33.588615
TTC,-101.882645,33.580498
WGC,-85.096619,33.571091
KOCH,133.487447,33.549792
MBK,133.586044,33.544331
IRABS,10.642709,33.500356
BBG,-86.774399,33.486176
TEUI,-112.031578,33.465778
SAMF,-86.7994,33.463371
DES,-111.947937,33.460413
JNUB,126.561368,33.457835
MISSA,-88.784111,33.457241
ASU,-111.93381,33.41998
MUST,44.402241,33.36723
BUH,44.400879,33.34058
CATA,-118.329941,33.339241
BAG,44.198299,33.316101
BUA,44.198299,33.316101
WFRC,126.593024,33.298021
BSCA,-116.399406,33.256481
NXAC,111.726616,33.23288
TCSW,-97.110413,33.220566
NTSC,-97.144363,33.210411
UNA,-87.539314,33.209335
MUH,73.745524,33.150878
PASM,-117.183314,33.150685
GCSU,-83.231776,33.079882
CHAMB,-4.09491,33.00983
ECWP,-4.093995,33.007746
BANNU,70.59658333,32.98103
CSUNIV,-80.070123,32.977249
SALK,-80.652683,32.900805
ULT,13.18746,32.875191
IOLR,34.955589,32.825326
HAI,34.981754,32.82296
KUMA,130.724075,32.813728
CITA,-79.960037,32.796192
CHARL,-79.935952,32.789613
SDSU,-117.07131,32.777289
SNM,-108.283638,32.77523
RRLH,74.859802,32.774601
BRIT,-97.328888,32.755653
SD,-117.14856,32.731445
BEGO,35.575062,32.70694
AWC,-114.49557,32.688813
MADJ,-16.911818,32.655411
MADM,-16.911938,32.649521
SFAHAN,51.61045,32.61448
HUI,51.65971,32.601824
AUA,-85.483202,32.598881
UWAL,-88.187407,32.587409
LTU,-92.63829,32.527466
HSU,-99.734848,32.47459
ACU,-99.708712,32.47117
COLG,-84.917412,32.458897
LSUS,-93.708282,32.426811
GAS,-81.779892,32.424179
ALNHS,-86.299536,32.378421
MMNS,-90.160286,32.32333
ERDC,-90.86664,32.30744
NMC,-106.7498056,32.2800639
NMCR,-106.7498056,32.2800639
ASDM,-111.162636,32.243359
ARIZ,-110.949837,32.231312
TAC,-98.214504,32.214689
NHJ,35.829663,32.180607
SARGU,72.5,32.1667
HBAUD,113.765297,32.161755
XYTC,114.068779,32.12315
NAU,118.763908,32.106571
NF,118.799049,32.098259
N,118.756439,32.081879
TELA,34.76667,32.066669
CPU,118.7778,32.0617
NAN,118.7778,32.0617
NAS,118.853348,32.061169
NJNU,118.761787,32.060501
PLP,76.51545,32.05965
NPA,118.785233,32.059311
GSW,-84.219528,32.05806
CHUG,20.05312,32.055345
JSMI,120.891641,32.011246
AASU,-81.168832,31.97996
IABH,35.926201,31.97403
ABDC,102.2207,31.902
WXDC,102.224648,31.899429
AAUB,117.178253,31.88349
AAUF,117.178253,31.88349
ACM,117.178253,31.88349
ANU,117.178253,31.88349
CMMEX,-116.618912,31.866446
BCMEX,-116.669022,31.8664
AIB,117.2808,31.8639
ACE,117.274788,31.86083
KAR,54.469101,31.803963
TROY,-85.953873,31.79808
HUJ,35.219505,31.77367
UTEP,-106.504181,31.770611
NATC,-93.099024,31.748191
PMNHH,35.205411,31.717818
HON,103.540802,31.698093
HPC,-98.94371,31.659929
GNDUH,74.824898,31.637265
MARK,-7.99995,31.6339
NICH,131.357224,31.62665
CPUH,76.622995,31.62168
IMC,104.732422,31.607685
KHAU,48.8875,31.5826
ASTC,-94.600296,31.580093
GCUSAH,74.30769,31.57089
KAG,130.548767,31.559441
BAYLU,-97.129189,31.532681
LAH,74.369003,31.489
SAT,-100.465935,31.443472
SFRP,-92.434891,31.35546
ANUB,118.394058,31.354429
ANUG,118.394058,31.354429
WUH,118.394058,31.354429
USMS,-89.332176,31.32806
SHM,121.484797,31.232536
HSNU,121.404575,31.229186
FUS,121.4581,31.2222
SHMI,121.4581,31.2222
SHMU,121.4581,31.2222
ICHAUWAY,-84.479246,31.220816
ALEX,29.91194,31.191669
SHTU,121.415312,31.178247
LSUA,-92.414595,31.178124
SHDC,121.414978,31.173889
SG,121.444247,31.147347
CSH,121.178709,31.081674
HABAYC,-97.496849,31.051552
WCSBG,103.6130161,31.00545
SAUT,103.619347,30.99826
SIFS,103.619347,30.99826
SITC,106.186172,30.95755
SHCT,121.4494,30.9161
VSC,-83.28791,30.86305
TANE,30.99806,30.791109
PAN,76.748528,30.750488
ZBAH,120.99614,30.74135
SHST,-95.5453,30.707501
USAM,-88.179489,30.695156
SCFI,104.078499,30.6933
JNR,117.495712,30.674219
CDC,104.0667,30.6667
CDCM,104.060898,30.661591
SR,104.060898,30.661591
TTRS,-84.208778,30.657156
SCNU,104.106781,30.64308
SZ,104.106781,30.64308
CDBI,104.050308,30.62999
SCUI,32.269836,30.620385
TAES,-96.316521,30.607281
EU,114.328934,30.57865
HBFH,-87.22091,30.547585
UWFP,-87.21665,30.547264
HBI,114.368629,30.539921
WH,114.368629,30.539921
BSRA,47.788849,30.53488
HIB,114.411537,30.531281
SELU,-90.470969,30.516701
EBF,114.467941,30.512199
CCAU,114.372589,30.49968
CCNU,114.372589,30.49968
EDC,114.316368,30.49831
BASU,54.255829,30.49333
SAU,103.518106,30.488022
SAUF,103.518106,30.488022
ECM,114.26297,30.47052
HGTC,114.800003,30.450001
FSU,-84.293747,30.440241
HGCRL,-88.731552,30.43597
LSU,-91.177232,30.410988
LSUM,-91.177184,30.410921
SRSC,-103.650202,30.363667
EWM,-96.187765,30.355534
JUFL,-81.606322,30.350793
PUN,76.438416,30.342327
BSD,78.016388,30.341999
SBAC,-81.84333333,30.33683333
DD,77.997154,30.319902
KF,57.1,30.313611
ENS,109.48333,30.3
LL,-97.733774,30.28626
TEX,-97.733774,30.28626
WII,77.978897,30.282789
MIR,57.103401,30.256079
HTC,102.1689,30.2553
TEA,102.1689,30.2553
ZDC,102.1689,30.2553
ZJMA,102.1689,30.2553
ZM,102.1689,30.2553
ZMU,102.1689,30.2553
NMPG,120.069641,30.249571
ZJFI,120.069641,30.249571
GUH,78.895081,30.24295
USLH,-92.002106,30.239912
HHBG,120.12429,30.23888
LAF,-92.020025,30.211061
HHE,110.675973,30.210005
HZU,120.162109,30.20755
QUETTA,66.99046,30.165783
ZAU,120.107193,30.13732
FAN,112.40123,30.130932
LAMU,-94.104797,30.103333
CAIRC,31.323078,30.099606
IMPC,106.896149,30.092293
MAZHAR,31.14403,30.065788
CAIA,31.24967,30.06263
CAIH,31.24967,30.06263
CAIM,31.24967,30.06263
MERCA,-95.381234,30.037944
BRPP,31.027899,30.013856
HHNNR,110.783736,29.935244
HNHPS,110.78383,29.93522
CAI,31.250854,29.934654
NOLS,-90.086411,29.91786
MC,-91.906568,29.912122
PRFH,77.997298,29.902854
SWT,-97.968353,29.843697
ZJFC,120.205536,29.841885
RKT,79.98806,29.803949
THIB,-90.800006,29.791867
SBSC,-95.4571,29.79088
JJF,115.9844,29.7333
JJT,115.9844,29.7333
XZE,94.346787,29.665107
AF,91.091383,29.657931
XZ,91.118652,29.652519
XZDC,91.120399,29.648106
FLAS,-82.34108,29.643669
PIHG,-82.372299,29.634191
HSHU,52.557603,29.624154
CQNM,106.832138,29.602442
YZU,106.832138,29.602442
TLU,-97.985064,29.572031
CTC,106.456479,29.557934
LBG,115.983109,29.55678
SM,106.628014,29.55624
CQBG,106.82605,29.541805
CTS,105.965355,29.503664
CIT,106.717308,29.482296
HWA,106.717308,29.482296
SWAU,106.717308,29.482296
LLC,-98.543638,29.426936
KTUH,48.002419,29.38913
SXMP,110.619499,29.358177
SANU,110.612709,29.347628
SXDC,110.632111,29.336538
UVST,-99.683266,29.233522
ZNU,119.6547,29.1078
USON,-110.949837,29.085829
YBDC,104.642151,28.752729
JAS,115.8833,28.6833
JXCM,115.8833,28.6833
JXF,115.8833,28.6833
DUH,77.201096,28.670506
JXU,115.920929,28.669979
JCE,115.918625,28.659824
JXM,115.918625,28.659824
GWJ,110.08525,28.658182
JXAU,115.905052,28.65576
RELC,-106.071281,28.649328
NHCP,77.218147,28.627165
HCIO,77.158936,28.61977
IARI,77.158936,28.61977
RHMD,77.158607,28.618992
FTU,-81.203819,28.596901
TFC,-16.322778,28.479167
SWCTU,105.534477,28.471752
TFMC,-16.25474,28.469025
SRF,117.976357,28.44331
ORT,-16.535816,28.411697
JIU,109.707382,28.289509
HNNU,113.020447,28.197269
HUE,112.948822,28.1742
HUCM,112.992767,28.16264
DWP,-81.446182,28.134199
WWF,-97.44202,28.121175
LPA,-15.4594,28.0658
USF,-82.4148,28.0597
BCM,-15.464726,28.05221
WZUH,120.685137,28.006465
FTS,116.352852,27.997906
XIAS,102.19175,27.96575
CSFI,113.16909,27.91827
HUNST,112.913203,27.908145
LSDC,102.263931,27.89546
STPE,-82.633842,27.76219
TAMUCC,-97.329197,27.715233
KATH,85.318634,27.709179
ZY,106.915479,27.705816
TUCH,85.320602,27.701691
EMA,113.903343,27.666128
TAIC,-97.862358,27.507553
SLUBGH,68.764022,27.491647
THIM,89.651464,27.41996
MOT,-82.57741,27.332857
SEL,-82.539818,27.328402
BJ,105.312333,27.295017
FLSP,-82.49041,27.217648
JHS,78.023369,27.18399
ASTU,31.18505,27.183611
ARCH,-81.355698,27.181957
GNA,114.762344,27.16017
JGSU,115.027941,27.11052
ARUN,93.631596,27.101568
BSHC,88.514313,27.099421
ARRI,93.645554,27.06583
NYA,112.575241,27.039429
SWFC,101.080559,27.024498
YFS,101.080559,27.024498
IFRD,101.085701,27.020868
KEF,101.085701,27.020868
PYU,101.085701,27.020868
YCE,101.085701,27.020868
HUF,112.614464,26.92828
WNU,111.461487,26.901257
RUBL,75.813812,26.86887
LWU,80.89444,26.861061
CIMAP,80.891975,26.860718
CDRI,80.95771,26.854719
GFS,106.653488,26.851719
LWG,80.92984,26.841572
HUIF,112.3839,26.7147
HUTM,112.3839,26.7147
NDTC,119.524788,26.653839
GF,106.630103,26.647481
GZTM,106.630103,26.647481
HGAS,106.630103,26.647481
SHG,31.629839,26.62829
JN,114.124893,26.591305
GNUB,106.723488,26.58622
GNUG,106.723488,26.58622
LPSNU,104.820462,26.579026
FJFC,118.11647,26.570971
SUH,31.707711,26.565346
GACP,106.672058,26.42922
GZAC,106.672058,26.42922
BURI,75.855278,26.38
GMB,106.638326,26.3758
QNUN,107.519877,26.292833
KFUH,50.210784,26.289195
ICAR,72.947129,26.287687
JAC,73.029488,26.278002
BSJO,72.985817,26.26841
PAUH,-98.175262,26.253019
URO,127.760399,26.25197
RYU,127.753868,26.21962
JUG,78.194641,26.203691
GUBH,91.661689,26.154724
FMP,119.290901,26.115589
SWF,-81.770401,26.115534
FAU,-80.237244,26.083723
BCBC,-80.23441,26.08031
FNU,119.322609,26.03915
RUNYON,-97.49231,25.900684
GAFS,114.916702,25.86837
ICTB,-80.2526,25.717
FTG,-80.273167,25.67668
MEMO,-100.297333,25.660919
ASSAM,91.872498,25.610901
UNL,-100.256165,25.601954
Herbario Jorge Arturo Alba Avila,-103.501564,25.588549
ANSM,-101.025864,25.461399
BSA,81.854446,25.459909
SINDH,68.2666,25.4183
WI,25.32625,25.32625
FNPS,-80.898632,25.286812
BHAG,86.886452,25.28245
GLMC,110.296569,25.280592
GNU,110.3209,25.265459
BAN,82.953362,25.24662
BHUPP,82.953362,25.24662
IBK,110.319382,25.06374
BNH,-77.348038,25.048803
NTUF,121.531853,25.04776
TAI,121.531853,25.04776
TNU,121.531853,25.04776
YUKU,102.709808,25.045389
HAST,121.615,25.043
KUN,102.7183,25.0389
KUNE,102.7183,25.0389
YAF,102.7183,25.0389
YCP,102.7183,25.0389
YDC,102.7183,25.0389
YNUB,102.7183,25.0389
TAIF,121.510232,25.031344
XIN,104.918442,25.023695
KUH,67.118373,24.943422
CFNL,-99.565048,24.856396
PNUH,46.725347,24.847003
HJBC,-107.385121,24.841218
YNTCEM,102.824757,24.836855
GBH,-100.078,24.822
UAS,-107.396584,24.800684
HCT,121.136673,24.7113
KSU,46.783169,24.709311
KSUP,46.783169,24.709311
MUZ,46.783169,24.709311
RIY,46.783169,24.709311
FJSI,118.13176,24.499069
EAD,54.388591,24.463422
GXFS,109.373833,24.45546
XMBG,118.109167,24.439647
AU,118.107208,24.436729
YXDC,102.5422,24.355
ABDH,55.670532,24.1954
TUNG,120.631493,24.18482
TNM,120.683258,24.15732
HCIB,-110.306061,24.148785
FBCS,-110.309395,24.111473
TCF,120.553818,24.096251
ASW,32.898891,24.0875
CIIDIR,-104.611,24.0504
DACB,90.333298,24
JUH,90.2671,23.8824
TAIE,120.8006969,23.8284626
UAT,-99.145256,23.752705
ITCV,-99.136078,23.745686
CZH,116.642,23.68
ON,58.593268,23.613349
SQUH,58.172005,23.591777
OBG,58.123695,23.564154
CHIA,120.445449,23.471518
SCSG,116.721771,23.36998
GDMM,113.419144,23.27243
BHPL,77.4504,23.253
BURD,87.839058,23.223652
IBSD,112.567589,23.15844
CANT,113.352472,23.157225
SCAUB,113.35351,23.155375
GUCM,113.265013,23.155282
SN,113.492128,23.146436
GDGM,113.298683,23.139842
MNHN,-82.364166,23.13833
IBSC,113.335953,23.134489
JU,113.332708,23.126961
HAC,-82.392775,23.109936
GDMP,113.270309,23.107559
GNNU,113.335733,23.099322
SYS,113.297928,23.097719
NCKU,120.168114,23.024759
NEGI,113.724985,23.000046
HFA,-82.14880943,22.99849606
HAJB,-82.339325,22.995172
TAIM,120.612404,22.956724
NMSRC,57.6719,22.9122
GXCM,108.288391,22.880619
GXEM,108.337908,22.851775
BGT,108.288811,22.845285
GAUA,108.269567,22.844303
GAC,108.269528,22.837767
GXNM,108.365463,22.81707
GXF,108.3167,22.8167
GXFI,108.3167,22.8167
GXMG,108.3167,22.8167
GXMI,108.3167,22.8167
GXSP,108.3167,22.8167
GXDC,108.327214,22.804819
ROIG,-82.50264,22.79528
NNA,108.292488,22.777559
SYSU,120.332222,22.76417
SMAO,100.972,22.757076
SMN,100.972,22.757076
HANC,-82.77417,22.69611
PPI,120.585472,22.653139
HCNGB,114.472052,22.590583
SZG,114.166367,22.561522
BSIS,88.351913,22.556789
CAL,88.27932,22.55295
CUH,88.36272778,22.5274861
HPVC,-80.002274,22.445715
KFBG,114.118469,22.433883
CUHK,114.207086,22.420153
HAJU,-83.69271,22.417106
HKBU,114.169325,22.4141
BARO,73.174202,22.330717
HK,114.18721,22.322702
HKU,114.137092,22.283549
AJBC,-80.469421,22.216669
NOCC,111.1119,22.1852
CIAN,-102.27372,22.146753
SLPM,-100.943794,22.126469
IMDY,100.7341,21.991
HUAA,-102.314087,21.91774
PTBG,-159.511917,21.907511
INEGI,-102.286133,21.862978
BHAV,72.095062,21.751053
WAI,-158.053064,21.636315
HITBC,101.307831,21.45355
VNMN,104.8,21.45
BISH,-157.86981,21.333268
HAW,-157.814713,21.301435
ZHAN,110.356949,21.267611
VAFS,105.773912,21.078077
HN,105.80128,21.047844
NIMM,105.848497,21.02913
CICY,-89.639008,21.028409
HMC,-77.137718,21.027464
VNF,105.82653,21.021383
HNIP,105.859076,21.019808
HACC,-77.255936,21.012487
HNU,105.807416,20.99588
VFM,105.8906937,20.9951391
WLM,-100.727551,20.917701
UADY,-89.623062,20.859745
RAF,95.89167,20.85
HIPC,-76.983475,20.840416
CAP,41.38888889,20.79
HALE,-156.247108,20.760307
IBUG,-103.512855,20.744808
GUADA,-103.40609,20.695799
ENSJ,-103.324394,20.673599
HHUAQ,-100.368854,20.624428
QMEX,-100.409645,20.589319
CREG,-103.388489,20.420321
CPNP,105.607967,20.318792
RRLB,85.863953,20.21977
HGOM,-98.731842,20.121
HUTB,110.338409,20.059288
HFB,110.357277,20.0397
BSC,-75.816852,20.016228
HAF,110.35408,20.004421
CIMI,-102.717361,19.989079
ATCH,110.32939,19.983955
BAMU,75.313447,19.902446
MFLU,99.831322,19.902306
UCAM,-90.556966,19.828947
CIQR,-90.605921,19.786048
ZEA,-104.366341,19.768814
EBUM,-101.197029,19.690401
CIB,-96.906487,19.528755
XAL,-96.906487,19.528755
XALU,-96.906487,19.528755
IEB,-101.609863,19.517342
IZTA,-99.188568,19.51573
CHAP,-98.891937,19.496241
XOLO,-98.891937,19.496241
JES,-98.888923,19.492122
CMPH,-98.89343,19.465224
CHAPA,-98.905056,19.460692
ENCB,-99.189362,19.458096
UCMM,-70.699997,19.450001
AMO,-99.220505,19.423613
FEZA,-99.034927,19.376221
UAMIZ,-99.07183333,19.36034722
INIF,-99.157043,19.351759
IMSSM,-99.162094,19.346386
CODAGEM,-99.601051,19.333376
CAYM,-81.306473,19.326084
FCME,-99.181137,19.322994
MEXU,-99.19410824,19.32052914
TLXM,-98.224998,19.312731
HBARC,73.0043,19.0801
HPNP,104.735069,19.067634
HUAP,-98.200478,19.004061
HUMO,-99.237602,18.97414
UCOL,-103.89594,18.947315
BLAT,72.834053,18.935102
QBG,98.940498,18.915632
CORU,-96.929077,18.890175
CMUB,98.963946,18.803478
CMU,99.005676,18.791004
ZON,97.00884,18.65018
SPPU,73.824575,18.552297
EHH,-72.341082,18.541435
BSI,73.88533,18.528481
FCP,73.841066,18.52434
AHMA,73.830643,18.52017
AMH,73.830643,18.52017
JBSD,-69.920341,18.484291
USD,-69.920341,18.484291
UPRRP,-66.097923,18.462069
UPR,-66.055813,18.440202
SJ,-66.059064,18.391774
VIST,-64.972928,18.342326
MAPR,-67.139925,18.210649
MSM,-67.139925,18.210649
HNUL,120.567492,18.188218
NGCPR,73.977225,18.148639
HNM,-15.94975,18.10033
FOF,102.635106,18.03859
KUW,79.552002,18.0282814
UJAT,-92.96167,18.022961
UCWI,-76.742638,18.004946
CSAT,-93.385986,17.99312
IJ,-76.775711,17.98307
HNL,102.614979,17.962917
AUV,83.320088,17.72885
SGBG,-64.829526,17.715907
WCAS,75.925473,17.666763
UAGC,-99.486816,17.546711
HY,78.53096,17.40575
PRAGATI,78.181068,17.390481
UH,78.517891,17.36591
BSID,78.416817,17.34939
BRH,-88.7667,17.25
SERO,-96.714226,17.05205
OAX,-96.723404,17.028946
JAZUH,42.543316,16.973712
RANG,96.121666,16.832914
HEM,-93.114929,16.767839
CHIP,-93.118599,16.758566
CH,-92.633949,16.707212
SUK,74.258667,16.691759
NLUH,120.548607,16.435829
ANUH,80.52695,16.378291
MSUT,103.296761,16.32284
GUAD,-61.596298,16.177818
KKU,103.581772,15.99656
CURLA,-86.780884,15.75939
HJBL,-87.461769,15.715601
KHF,32.533611,15.54665
KHU,32.533611,15.54665
DAKAR,-17.444059,14.6937
PUH,121.073608,14.65889
MSI,121.068979,14.650776
SKU,77.551834,14.650264
USCG,-90.526939,14.62111
MTK,-61.09588,14.620724
USTH,120.987091,14.610177
UVAL,-90.487993,14.606005
PNH,120.976158,14.60103
AGUAT,-90.551921,14.588848
BIGU,-90.551921,14.588848
HEH,-87.824715,14.58672
MICG,-90.553731,14.583947
DLSUH,120.9924096,14.5666496
WM,33.498901,14.4056
HURLGT,90.316,14.3514
CLP,121.24649,14.18347
EBL,121.2433147,14.1675356
CAHUP,121.245216,14.165224
LBC,121.245216,14.165224
CALP,121.247547,14.163052
EAP,-87.198616,14.091537
TEFH,-87.198616,14.091537
BBH,100.602546,14.079434
DMSC,100.487511,13.85273
BKF,100.568886,13.823922
BK,100.551361,13.7981
PBM,100.525726,13.764128
RAMK,100.619297,13.756984
TTM,100.516361,13.7496
BCU,100.536636,13.7459
ITIC,-89.197258,13.70981
MHES,-89.19724722,13.6754417
LAGU,-89.243034,13.669226
SVUTY,79.396825,13.629816
HTU,44.023215,13.588793
ESN,2.11178,13.5125
GUAM,144.800232,13.44634
WAPA,144.675478,13.422268
BAR,-59.604027,13.096959
FRLH,77.581337,13.093173
UASB,77.574897,13.080103
PCM,80.27668,13.054397
RRCBI,77.585968,12.933429
PND,74.8959231,12.9300747
SHC,78.567873,12.50271
HULE,-86.87944,12.43556
CNSF,-1.53834,12.36423
HNBU,-1.53834,12.36423
OUA,-1.53834,12.36423
ENAG,-86.161866,12.149756
HNMN,-86.259369,12.141825
AURO,79.812756,12.009834
DLU,108.444339,11.953899
HIFP,79.827881,11.929085
PBL,92.726105,11.63765
HND,43.154398,11.563098
HG,-72.916849,11.53921
RUPP,104.901848,11.536613
CORO,-69.667221,11.40917
IER,-5.663967,11.315072
LSHI,27.28,11.27
DEV,75.83416,11.260671
CALI,75.777306,11.249243
ZGC,75.821977,11.243274
MBGH,75.827975,11.237582
UTMC,-74.187927,11.23588
CMPR,76.059906,11.073318
PBB,106.586991,11.067067
DUGAND,-74.871685,11.020223
UNO,-74.850665,11.019918
MH,76.935463,11.01347
FRC,76.947891,11.008158
MOBR,-63.849998,10.95
RHT,78.695953,10.830622
SGN,106.701762,10.78264
PHH,106.682569,10.762699
VNM,106.671903,10.752598
HERZU,-71.68338,10.673535
TRIN,-61.401108,10.641701
KFRI,76.307983,10.524335
CAR,-66.843674,10.489393
VEN,-66.843674,10.489393
MYF,-66.892041,10.48797
IRBR,-64.166672,10.46667
LSCR,-84.006544,10.430581
HGV,-66.978748,10.399826
IVIC,-66.978375,10.3985
JBGP,-75.429727,10.355255
CEBU,123.911045,10.353769
CSCS,123.897781,10.33361
IPMY,-67.558731,10.29586
GUD,77.923411,10.276675
MY,-67.570213,10.23819
VIA,-67.570213,10.23819
SNMH,76.182924,10.180072
UCOB,-69.46479,10.02206
JVR,-84.115196,9.999054
SAC,76.2786,9.9855
BOG,-75.303139,9.98372
USJ,-84.049483,9.937703
CR,-84.071697,9.932777
VH,75.322378,9.875937
JUHN,8.883333,9.85
JBL,-83.888592,9.840004
UOJ,-63.51667,9.75
PPC,118.738582,9.738323
CMS,76.478892,9.605665
HARG,44.046889,9.546409
HNG,-13.676337,9.543531
RHK,76.583527,9.470668
ACD,42.034031,9.431808
HUHE,42.034348,9.41505
MTCHT,76.58386,9.400708
HEFG,13.383925,9.337808
UNIPAR,2.6494,9.3377
HEUS,-75.396111,9.295
CATH,76.780299,9.258827
PORT,-69.833328,9.08333
SCZ,-79.642725,9.06472
PMA,-79.5326,9.03899
ILCA,38.814572,9.015703
SERG,-10.080463,9.006667
ETH,38.756622,9.003844
STRI,-79.543706,8.962998
HLDG,-82.940201,8.810585
HUC,-75.880051,8.739439
XCH,77.721199,8.675947
MERC,-71.150268,8.627834
MER,-71.144997,8.59833
MERF,-71.144997,8.59833
KUBH,76.888078,8.567351
TBGT,76.922134,8.565752
FBC,-13.25983,8.45797
SL,-13.25983,8.45797
UCH,-82.4500215,8.4315043
SCCN,77.407651,8.185372
GUYN,-63.549721,8.12222
CMUH,125.051199,7.863223
FPI,4.530315,7.520767
FHI,3.89639,7.38778
UCI,3.89639,7.38778
PICRC,134.46609,7.33866
BNM,134.476483,7.336735
IFE,4.47678,7.2779
PDA,80.584099,7.2622
UIS,-73.126694,7.127481
PSU,100.51503,7.017222
HAKS,80.816673,6.91667
CEDD,7.3927,6.8561
UNN,7.3927,6.8561
BRG,-58.15527,6.80448
FDG,-58.15527,6.80448
KUM,-1.622117,6.687105
KUU,1.563288,6.680198
LUH,3.388231,6.51255
ULN,3.38292,6.49789
EFH,7.441518,6.417825
BENIN,2.43,6.35
LIB,-10.794008,6.299807
HUA,-75.571869,6.253615
JAUM,-75.571869,6.253615
MEDEL,-75.553665,6.250608
TOGO,1.225389,6.12263
BORH,116.128738,6.018091
SNP,116.128738,6.018091
BBS,-55.166821,5.86638
SAN,118.080139,5.849786
CHOCO,-76.65593,5.684569
TFAV,-67.623611,5.66389
GC,-0.18333,5.65
UPTC,-73.356989,5.5526
UMTP,103.08772,5.407763
USMP,100.304473,5.358296
IBAAN,-4.024429,5.345317
UCJ,-4.02806,5.34111
CSRS,-4.128129,5.330747
CCG,-1.25,5.1
FAUC,-75.479919,5.042338
HJBG,-52.526725,5.020077
UBDH,114.885694,4.965216
BRUN,114.948059,4.94029
CAY,-52.327816,4.923807
COAH,-74.113724,4.70033
JBB,-74.09977,4.667885
HJJT,-74.107811,4.654264
COL,-74.081944,4.6425
HT,-74.072665,4.64093
HPUJ,-74.063652,4.627782
UDBC,-74.064449,4.597241
ANDES,-74.07737,4.59455
HUQ,-75.688721,4.51268
FMB,-74.124382,4.46773
TOLI,-75.219948,4.455119
BANG,18.534575,4.277803
LLANOS,-73.643165,4.146919
TULV,-76.198318,4.097413
SCA,9.2149,4.0242
YA,11.51667,3.86667
VALLE,-76.294418,3.519569
CUVC,-76.536519,3.371426
ICESI,-76.52936667,3.3414833
KEP,101.636452,3.223091
KLA,101.686531,3.1412
KLU,101.649231,3.1175
UPM,101.708931,3.003613
MDI,101.7032719,2.9912988
MARDI,101.702161,2.991095
SURCO,-75.298539,2.941455
UKMB,101.781342,2.90439
MIRR,-60.682106,2.835575
UFRR,-60.694005,2.833241
CAUP,-76.610703,2.455501
BATA,9.75,1.85
UFS,31.715,1.67444
HUAZ,-75.61187,1.61574
SAR,110.32637,1.506867
SING,103.817574,1.3112
SINU,103.773087,1.29943
PSO,-77.259285,1.190978
KIS,25.208285,0.51163
LBV,9.490379,0.418004
STPH,6.731057,0.337503
MHU,32.568286,0.3351
ENT,32.582191,0.31628
KAW,32.581125,0.313793
YBI,25.372345,0.150571
EALA,18.2572174,0.0477219
HAMAB,-51.07341,0.00249
QPLS,-78.296188,-0.11002
HUTI,-78.498722,-0.12085
Q,-78.465881,-0.12176
QCA,-78.4914404,-0.20923866
QCAM,-78.4914404,-0.20923866
QAP,-78.524612,-0.229675
QCNE,-78.524612,-0.229675
QUSF,-78.524612,-0.229675
CDS,-90.304365,-0.742447
ANDA,100.430786,-0.782456
MAN,134.07732,-0.856387
CEB,119.860352,-0.90085
UTCEC,-78.619128,-0.999448
HBRA,-46.761825,-1.051552
MIMARU,35.866179,-1.078586
WAN,116.829903,-1.260685
EA,36.800989,-1.266758
AMAS,-78.62356,-1.26798
NAI,36.816669,-1.28333
MFS,-48.488703,-1.431769
IAN,-48.449066,-1.436323
HF,-48.476871,-1.45108
MG,-48.477894,-1.451704
ECUAMZ,-78.0020714,-1.4823023
CHEP,-78.6786,-1.6564
HCP,-47.056244,-1.734742
GFT,34.66906,-1.841301
GUAY,-79.879787,-2.17863
NHR,29.61924,-2.245703
HSTM,-54.720711,-2.427116
MLGU,28.858611,-2.515582
SLUI,-44.30277778,-2.5297222
UFMA,-44.311836,-2.556903
MAR,-44.309401,-2.557382
HA,-79.005459,-2.902673
HDELTA,-41.754699,-2.907815
INPA,-59.97855,-3.083485
HUAM,-59.97641,-3.100081
EAFM,-60.012949,-3.134937
FTOH,36.691075,-3.357019
NHT,36.683331,-3.36667
BJA,29.782967,-3.47234
HUVA,-40.343239,-3.681122
AMAZ,-73.25325,-3.739145
HMAR,-38.575073,-3.745937
EAC,-38.575611,-3.7486
HERT,-38.546379,-3.779766
HUTPL,-79.204346,-3.991635
LOJA,-79.204346,-3.991635
BMA,-44.825618,-4.232882
IEC,15.28327,-4.2669
EPU,15.287628,-4.309435
LWI,15.319103,-4.354065
IUK,15.3161,-4.3806
LUKI,15.3161,-4.3806
SEY,55.466671,-4.66667
TFD,38.28992,-4.798801
HABIT,-43.334277,-4.861256
HH,-73.651378,-4.899777
TEPB,-42.788132,-5.05138
KISA,15.1333,-5.11
MOSS,-37.352837,-5.169881
FCCM,-49.08815,-5.35299
UFRN,-35.211544,-5.79618
RN,-35.194432,-5.810209
HCJS,-50.060659,-6.061417
BO,106.863441,-6.47977
BIOT,106.91082,-6.577002
KRB,106.793831,-6.59715
PRG,-79.900421,-6.70284
LAE,146.998808,-6.720422
DSM,39.204653,-6.780055
ITMH,39.273511,-6.807616
SUA,37.661541,-6.822011
FIPIA,107.614479,-6.892982
EAN,-35.747856,-6.94592
JPB,-34.841839,-7.149277
CCCR,-48.19658,-7.181855
CPUN,-78.431633,-7.206799
HCDAL,-39.415242,-7.238471
TAMA,111.1345333,-7.663675
MALG,112.619063,-7.960894
PEUFR,-34.945225,-8.016192
UFP,-34.948623,-8.050259
URM,-34.951045,-8.055443
IPA,-34.918514,-8.066334
HAO,-79.012924,-8.110692
HUT,-79.030267,-8.111261
HFSL,-63.903797,-8.774009
RON,-63.939086,-8.837116
LUAI,13.2344,-8.8383
HUTO,-48.505781,-8.840077
HTIN,-75.996822,-9.312463
HVASF,-40.5487233,-9.3258069
UPNG,147.169665,-9.405128
BSIP,159.949997,-9.43333
PNG,147.159505,-9.464137
MRSC,32.566666,-9.549996
MAC,-35.745403,-9.640474
ARA,36.680458,-9.716074
HERBAM,-56.097667,-9.898048
UFACPZ,-67.808298,-9.974108
HOXA,-75.239639,-10.578815
ISE,-37.435991,-10.681795
HTO,-48.403721,-10.712542
AJU,-37.061433,-10.966649
ASE,-37.231617,-10.998643
KIP,27.466669,-11.66667
HKM,43.2773,-11.732042
CNMT,-55.482513,-11.863172
UFV,-76.995561,-12.041189
HCEN,-75.196518,-12.053106
SMF,-77.023853,-12.057667
USM,-77.037475,-12.077558
MOL,-76.948361,-12.080083
HUNEB,-38.40826,-12.12546
BRBA,-45.002633,-12.151523
HINS,-77.01388889,-12.1815278
HUEFS,-38.958424,-12.237698
DNAP,130.927082,-12.442842
DNA,130.979095,-12.501204
HAG,-69.208883,-12.5887
HURB,-39.124342,-12.659972
IAL,-39.111946,-12.661515
NDO,28.200001,-12.81667
MAO,45.135062,-12.834074
MFUW,31.92275,-12.89498
HRB,-38.480793,-12.97686
BAH,-38.506538,-13.002465
ALCB,-38.507259,-13.006171
CUZ,-71.959389,-13.521628
National University of Samoa,-171.7497052,-13.8523997
HUESB,-40.070641,-13.87364
NX,-52.519249,-14.588181
TANG,-57.432852,-14.651392
UESC,-39.033054,-14.790132
CEPEC,-39.281906,-14.798973
HUESBVC,-40.803637,-14.889356
LUBA,13.5,-14.91667
MAL,35.333328,-15.38333
UZL,28.333762,-15.395515
UFMT,-56.064106,-15.610911
CEN,-47.912457,-15.746034
UB,-47.8654,-15.74662
HEPH,-47.8413,-15.874
IBGE,-47.8777,-15.947471
HPAN,-57.665772,-16.075632
HUEG,-48.956932,-16.359715
HSP,-71.550087,-16.385289
AQP,-71.500092,-16.412445
LPB,-68.150002,-16.5
UFG,-49.30302,-16.629566
MCCA,-43.840882,-16.682007
HUSA,-71.657501,-16.784306
CNS,145.687,-16.816
BOLV,-66.14444444,-17.39388889
UPF,-149.605988,-17.557631
PAP,-149.600006,-17.633329
PVNH,168.321884,-17.73381
CAH,31.047649,-17.76371
USZ,-63.1819,-17.7925
SRGH,31.05389,-17.82935
HJ,-51.717238,-17.923169
SUVA,178.441483,-18.141609
HDJF,-43.572167,-18.201817
DIAM,-43.600477,-18.24161
UEGQ,-50.4466,-18.4483
SAMES,-39.862078,-18.675941
TEF,47.597183,-18.859758
CNARP,47.536645,-18.872593
HUFU,-48.268753,-18.906649
DBEV,47.554839,-18.914598
TAN,47.5258,-18.9322
UMT,32.667466,-18.971432
COR,-57.633854,-19.005625
CPAP,-57.659409,-19.023001
HSB,-65.26,-19.04
PMG,-44.39238,-19.169741
JCT,146.782959,-19.309507
CVRD,-40.070129,-19.381836
BHCB,-43.954781,-19.808043
HXBH,-43.941685,-19.836336
BHZB,-44.003738,-19.850881
PAMG,-43.917347,-19.885181
PSUB,23.528182,-19.901536
MBML,-40.6007,-19.937421
BUL,28.58333,-20.15
MRSH,28.58333,-20.15
MAU,57.4925,-20.227501
VIES,-40.303899,-20.27517
OUPR,-43.704544,-20.388889
HISA,-51.339813,-20.419531
CGMS,-54.609512,-20.504297
VIC,-42.882229,-20.754238
HTL,-51.666806,-20.785667
SJRP,-49.358711,-20.786346
REU,55.4474,-20.877927
CBNM,55.295506,-21.137712
HUFSJ,-44.260354,-21.1392277
SPFR,-47.852417,-21.166046
TON,-175.198683,-21.207591
ESAL,-45.006248,-21.245705
UALF,-45.94833333,-21.41972222
CESJ,-43.370625,-21.777005
AFR,-46.619271,-21.777619
SORO,-47.882289,-21.97792
SPSC,-47.879523,-21.983137
DDMS,-54.8153,-22.216121
LMU,35.309818,-22.245384
NOU,166.4437,-22.30172
HRCB,-47.541462,-22.385748
WIND,17.083229,-22.55941
HASSI,-50.437795,-22.649338
ESA,-47.63707,-22.71533
RBR,-43.695193,-22.763703
HPL,-47.304344,-22.772816
UEC,-47.069469,-22.806753
RFFP,-43.068134,-22.83008
RFA,-43.23572521,-22.84200028
RBE,-43.777222,-22.866541
UFRJ,-43.780315,-22.868896
IAC,-47.077104,-22.87054
VENDA,30.477686,-22.88056
BOTU,-48.479832,-22.881189
NIT,-43.091022,-22.881224
IACM,-47.065731,-22.896778
R,-43.21862,-22.90107
HRJ,-43.225029,-22.90921
HB,-43.374222,-22.910934
CBPM,43.4027,-22.9401
HUNI,-43.16872222,-22.9551667
RB,-43.227829,-22.964296
FCAB,-43.241842,-22.979925
ZPB,29.92895,-23.02941
FUEL,-51.162781,-23.31028
HUEM,-51.93971,-23.403506
HNUP,-51.938213,-23.410331
HUMC,-46.184209,-23.5178
MACK,-46.653228,-23.547686
UNIP,-46.68211,-23.55592
SPF,-46.730999,-23.566484
CCTS,-47.5285721,-23.5809795
SPSF,-46.581985,-23.582151
IBI,-46.647133,-23.585842
SPB,-46.712376,-23.621405
SP,-46.626062,-23.645382
HUFABC,-46.562564,-23.676548
NT,133.83778,-23.70478
HUFSP,-46.627745,-23.719033
UNIN,29.732847,-23.822498
HCF,-51.522366,-23.90049
HUSC,-46.3219,-23.963
JUA,-65.305344,-24.179981
GAB,25.9079,-24.63839
MAH,25.9079,-24.63839
UCBG,25.9079,-24.63839
BACH,25.90859,-24.65451
MCNS,-65.409836,-24.792185
KNP,31.6,-24.98333
UNOP,-53.449907,-24.986786
HUPG,-50.142277,-25.091095
LYD,30.474208,-25.112675
AS,-57.571444,-25.247052
BNRH,30.523916,-25.288906
HFC,-49.157631,-25.323949
FCQ,-57.518336,-25.335076
PY,-57.544025,-25.339325
IRAI,-49.125412,-25.381061
SCP,-57.424908,-25.388809
EFC,-49.256802,-25.43504
MBM,-49.240039,-25.440862
HUCP,-49.252998,-25.450718
UPCB,-49.287239,-25.462143
GLOW,30.97839,-25.467199
HSMC,31.111389,-25.553611
DVPR,-53.098031,-25.702951
ROO,28.186275,-25.73493
PREM,28.217525,-25.735626
PRE,28.275775,-25.737186
PRU,28.2356492,-25.755178
UNWH,25.617146,-25.832199
LMA,32.446526,-26.005415
JBG,28.01123,-26.159306
JRAU,28.009552,-26.184372
J,28.049721,-26.205
JOI,-48.867878,-26.333221
SDNH,31.378405,-26.494385
PUC,27.090833,-26.689097
SANDC,27.093222,-26.690375
LIL,-65.222771,-26.84033
FURB,-49.077797,-26.906187
HBR,-48.66095,-26.90852
CTBS,-50.534763,-27.28466
MNES,-55.89311,-27.37602
CTES,-58.833328,-27.466669
CTESN,-58.833328,-27.466669
BRI,152.978745,-27.474779
BRIP,153.029962,-27.495239
HIPE,-48.656179,-27.552555
FLOR,-48.525299,-27.602785
HPBR,-52.266747,-27.649675
LUSC,-50.3067398,-27.7925983
RSPF,-52.380921,-28.228128
HUIRB,-53.948156,-28.393904
SRS,-49.00351,-28.474398
LAG,-48.784328,-28.477217
QWA,28.821739,-28.508369
PHARM,153.341843,-28.5765
CRI,-49.428246,-28.702593
KMG,24.765522,-28.741083
KSAN,24.741783,-28.755072
ZULU,31.845831,-28.854441
GOFS,26.15,-29.115829
HUCS,-51.1520004,-29.1602565
BLFU,26.248554,-29.167772
NMB,26.248554,-29.167772
MASE,27.48333,-29.316669
SNPH,27.48333,-29.316669
IZAC,-66.83474,-29.410877
CHAM,-66.834686,-29.41116
ROML,27.704109,-29.43985
HVAT,-51.956498,-29.444677
HLAJ,-51.997561,-29.458731
CPF,30.379345,-29.603004
NU,30.40286,-29.62575
HDCF,-53.715655,-29.702676
HCB,-52.444824,-29.705231
SMDB,-53.726242,-29.708271
PACA,-51.114788,-29.752176
UDW,31.049999,-29.85417
NH,31.012501,-29.85722
ULS,-71.246971,-29.909941
UNCOQ,-71.347633,-29.964473
MPUC,-51.216713,-30.047934
BLA,-51.220848,-30.055008
HAS,-51.184361,-30.05743
ICN,-51.118011,-30.06562
CFSHB,153.04007,-30.31571
NE,151.641822,-30.48815
PCE,30.176506,-31.006941
CNPO,-54.110244,-31.318533
CORD,-64.201546,-31.383123
UTAL,-71.635164,-31.403898
ACOR,-64.187887,-31.436783
SF,-60.933331,-31.450001
GADI,25.00609,-31.496519
HSESJ,-68.53781,-31.530554
KEI,28.764593,-31.589884
MFA,-60.710239,-31.647129
ECT,-52.439807,-31.680526
ECU,115.768326,-31.73786
PEL,-52.41851,-31.76314
KPBG,115.837555,-31.947773
UWA,115.81559,-31.976566
WAC,115.871399,-31.986551
PERTH,115.882727,-31.994588
ERA,-60.30368,-32.026051
PAR,-60.30368,-32.026051
HURG,-52.078587,-32.044605
DTE,-60.643851,-32.062515
MURU,115.835815,-32.068703
UFH,26.833168,-32.787472
MERL,-68.816673,-32.893536
DMHN,151.699646,-32.897385
MEN,-68.87056,-33.013859
UNR,-60.863522,-33.018822
VALPL,-71.6413,-33.0209
UV,-71.650002,-33.033329
JBN,-71.502492,-33.051086
RCVC,-64.30025,-33.111234
RIOC,-64.340714,-33.158779
MICODIF,-66.3380556,-33.291111
UNSL,-66.339418,-33.291381
GRA,26.51899,-33.308739
DAR,149.085297,-33.328808
SSUC,-70.566897,-33.425626
SGO,-70.566513,-33.425819
SQF,-70.566725,-33.42582
FFCL,-70.653071,-33.446993
UMCE,-70.596687,-33.460539
AGUCH,-70.6301379,-33.5695942
EIF,-70.630315,-33.569683
GKAR,19.480249,-33.64027
VMSL,-65.46225,-33.67952
IBRG,151.117238,-33.778086
MQU,151.100922,-33.791733
NSW,151.217865,-33.859921
JONK,18.849661,-33.870419
SYD,151.19104,-33.888168
UWC,18.633329,-33.900002
SAAS,18.65724,-33.901852
UNSW,151.234921,-33.917709
FFS,18.869169,-33.934441
STEU,18.869169,-33.934441
PEU,25.525185,-33.946064
SCHG,22.463519,-33.947481
BOL,18.46153,-33.95664
NBG,18.435544,-33.986416
WOLL,150.874924,-34.40765
HER,19.288393,-34.411747
SI,-58.508302,-34.47393
BAJ,-58.417366,-34.583005
BACP,-58.440365,-34.595036
BAA,-58.482796,-34.595539
BAF,-58.397484,-34.597836
BA,-58.43776,-34.605308
BAL,-58.370625,-34.61095
BAFC,-58.39727,-34.612465
FAA,-58.475323,-34.632927
BAB,-58.658337,-34.658337
LCF,-58.658337,-34.658337
MVFQ,-56.117401,-34.863792
MVJB,-56.117401,-34.863792
MVM,-56.117401,-34.863792
MVFA,-56.072208,-34.89122
MVHC,-56.072208,-34.89122
ACH,138.593689,-34.905212
AD,138.613869,-34.917256
LP,-57.95451,-34.930294
LPAG,-57.95451,-34.930294
LPC,-57.95451,-34.930294
LPS,-57.95451,-34.930294
CANB,149.1126156,-35.2715224
GAUBA,149.1161127,-35.2767042
ERBG,150.1611,-35.7503
ANGU,-64.014061,-36.529598
SRFA,-64.322357,-36.633976
CONC,-73.049767,-36.826988
MICOCL,-73.1204,-36.8304
AK,174.780853,-36.874092
UNITEC,174.7066,-36.88063
PDD,174.848892,-36.883191
WAIK,174.869995,-36.970402
LTB,145.062302,-37.693443
VPRI,145.048414,-37.720667
MELU,144.948944,-37.785892
MEL,144.98349,-37.833073
MDQ,-57.5656202,-38.0235426
NZFRI,176.264925,-38.160409
BB,-62.269507,-38.701623
BBB,-62.223194,-38.70636
ARC,-68.066673,-38.816669
VALD,-73.2333,-39.8
HFV,-73.237288,-39.806451
IPCN,-71.349319,-40.163528
MPN,175.609573,-40.355663
BCRU,-71.316406,-41.144993
CRP,-71.312401,-41.160702
WELT,174.781596,-41.290676
LINC,173.188599,-41.383053
UIU,-91.800826,-42.83877
HO,147.320665,-42.905394
HTW,-65.305054,-43.248951
PBP,-65.304382,-43.25351
CANU,172.633545,-43.527905
CHBG,172.633545,-43.527905
CHR,172.476629,-43.640497
HRP,-67.488907,-45.862473
OTA,170.503616,-45.874161
FINH,-57.857399,-51.692175
HIP,-70.907158,-53.143044